timeStamps,bufferSizes,bufferingStates,bufferingEvents,newBitrates,oldBitrates,resolutions,streamBandwidths,estimatedBandwidths
2024-09-18 02:27:43,1.0,1,5.289999961853027,2096000,1196000,960p,2,4.4
2024-09-18 02:27:46,1.0,1,6.509000062942505,2096000,1196000,960p,2,5
2024-09-18 02:27:47,1.0,0,6.509000062942505,2096000,1196000,960p,2,5
2024-09-18 02:27:48,1.0,0,6.509000062942505,2096000,1196000,960p,2,6.4
2024-09-18 02:27:49,1.0,0,6.509000062942505,2096000,1196000,960p,2,6.4
2024-09-18 02:27:50,0.5,0,6.509000062942505,6096000,2096000,1920p,5.9,6.4
2024-09-18 02:27:52,1.0,1,7.033999919891357,6096000,2096000,1920p,5.9,6
2024-09-18 02:27:53,0.4,0,7.033999919891357,6096000,2096000,1920p,5.9,5.8
2024-09-18 02:27:54,1.0,1,7.648000001907349,6096000,2096000,1920p,5.9,7.2
2024-09-18 02:27:56,1.0,1,8.306999921798706,6096000,2096000,1920p,5.9,8
2024-09-18 02:27:57,0.9,0,8.306999921798706,6096000,2096000,1920p,5.9,8
2024-09-18 02:27:59,1.0,1,9.085000038146973,6096000,2096000,1920p,5.9,8.5
2024-09-18 02:28:00,0.7,0,9.085000038146973,6096000,2096000,1920p,5.9,8.5
2024-09-18 02:28:02,1.0,1,10.069000005722046,6096000,2096000,1920p,5.9,9.1
2024-09-18 02:28:03,0.5,0,10.069000005722046,6096000,2096000,1920p,5.9,9.1
2024-09-18 02:28:05,1.0,1,10.934999942779541,6096000,2096000,1920p,5.9,9
2024-09-18 02:28:06,0.5,0,10.934999942779541,6096000,2096000,1920p,5.9,8.5
2024-09-18 02:28:08,1.0,1,11.60699987411499,6096000,2096000,1920p,5.9,9.4
2024-09-18 02:28:10,1.0,1,12.551999807357788,6096000,2096000,1920p,5.9,9.4
2024-09-18 02:28:11,1.0,0,12.551999807357788,6096000,2096000,1920p,5.9,9
2024-09-18 02:28:13,1.0,0,12.551999807357788,6096000,2096000,1920p,5.9,9.9
2024-09-18 02:28:14,0.9,0,12.551999807357788,6096000,2096000,1920p,5.9,9.9
2024-09-18 02:28:15,1.0,1,13.346999883651733,6096000,2096000,1920p,5.9,9.8
2024-09-18 02:28:16,0.8,0,13.346999883651733,6096000,2096000,1920p,5.9,9.8
2024-09-18 02:28:18,1.0,1,13.902999877929688,6096000,2096000,1920p,5.9,9.9
2024-09-18 02:28:19,0.7,0,13.902999877929688,2096000,6096000,960p,2,2.5
2024-09-18 02:28:21,1.0,1,14.668999910354614,2096000,6096000,960p,2,9.5
2024-09-18 02:28:22,0.5,0,14.668999910354614,2096000,6096000,960p,2,9.5
2024-09-18 02:28:26,1.0,1,17.198999881744385,2096000,6096000,960p,2,7.9
2024-09-18 02:28:27,1.0,0,17.198999881744385,6096000,2096000,1920p,5.9,7.9
2024-09-18 02:28:28,1.0,0,17.198999881744385,6096000,2096000,1920p,5.9,7.9
2024-09-18 02:28:32,1.0,1,20.20899987220764,6096000,2096000,1920p,5.9,9.1
2024-09-18 02:28:33,0.9,0,20.20899987220764,6096000,2096000,1920p,5.9,9.1
2024-09-18 02:28:35,1.0,1,20.924999713897705,6096000,2096000,1920p,5.9,9.3
2024-09-18 02:28:36,0.7,0,20.924999713897705,6096000,2096000,1920p,5.9,8.9
2024-09-18 02:28:38,1.0,1,21.45799970626831,6096000,2096000,1920p,5.9,9.5
2024-09-18 02:28:39,0.5,0,21.45799970626831,6096000,2096000,1920p,5.9,9.2
2024-09-18 02:28:41,1.0,1,22.14099955558777,6096000,2096000,1920p,5.9,9.4
2024-09-18 02:28:43,1.0,1,22.751999616622925,6096000,2096000,1920p,5.9,9.3
2024-09-18 02:28:44,1.0,0,22.751999616622925,6096000,2096000,1920p,5.9,9.3
2024-09-18 02:28:46,1.0,1,23.764999628067017,6096000,2096000,1920p,5.9,9.3
2024-09-18 02:28:47,0.9,0,23.764999628067017,6096000,2096000,1920p,5.9,9.3
2024-09-18 02:28:48,1.0,1,24.32699966430664,6096000,2096000,1920p,5.9,9.4
2024-09-18 02:28:49,0.8,0,24.32699966430664,6096000,2096000,1920p,5.9,9.4
2024-09-18 02:28:51,1.0,1,24.875999689102173,6096000,2096000,1920p,5.9,9.3
2024-09-18 02:28:52,0.7,0,24.875999689102173,6096000,2096000,1920p,5.9,9.3
2024-09-18 02:28:54,1.0,1,25.667999744415283,6096000,2096000,1920p,5.9,9.3
2024-09-18 02:28:55,0.5,0,25.667999744415283,6096000,2096000,1920p,5.9,9
2024-09-18 02:28:57,1.0,1,26.26199960708618,6096000,2096000,1920p,5.9,9.7
2024-09-18 02:28:59,1.0,1,27.430999755859375,6096000,2096000,1920p,5.9,9.6
2024-09-18 02:29:00,1.0,0,27.430999755859375,6096000,2096000,1920p,5.9,9.6
2024-09-18 02:29:02,1.0,1,28.11199975013733,6096000,2096000,1920p,5.9,9.4
2024-09-18 02:29:03,0.8,0,28.11199975013733,6096000,2096000,1920p,5.9,9.4
2024-09-18 02:29:09,1.0,1,33.36899971961975,6096000,2096000,1920p,5.9,9
2024-09-18 02:29:16,0.1,1,40.049999713897705,6096000,2096000,1920p,5.9,1
2024-09-18 02:29:18,1.0,1,41.25099992752075,6096000,2096000,1920p,5.9,1
2024-09-18 02:29:19,1.0,0,41.25099992752075,6096000,2096000,1920p,5.9,1.1
2024-09-18 02:29:20,0.8,0,41.25099992752075,6096000,2096000,1920p,5.9,1.1
2024-09-18 02:29:22,1.0,1,41.72099995613098,6096000,2096000,1920p,5.9,1.1
2024-09-18 02:29:23,0.6,0,41.72099995613098,6096000,2096000,1920p,5.9,1.1
2024-09-18 02:29:25,1.0,1,42.43600010871887,6096000,2096000,1920p,5.9,1
2024-09-18 02:29:26,0.4,0,42.43600010871887,6096000,2096000,1920p,5.9,1
2024-09-18 02:29:30,1.0,1,46.165000200271606,6096000,2096000,1920p,5.9,1
2024-09-18 02:29:33,1.0,1,48.42900013923645,6096000,2096000,1920p,5.9,1
2024-09-18 02:29:34,1.0,0,48.42900013923645,3096000,6096000,1280p,3,3.2
2024-09-18 02:29:39,1.0,1,52.62700033187866,3096000,6096000,1280p,3,6.1
2024-09-18 02:29:42,1.0,1,54.55000019073486,3096000,6096000,1280p,3,6.6
2024-09-18 02:29:43,1.0,0,54.55000019073486,3096000,6096000,1280p,3,6.6
2024-09-18 02:29:45,1.0,1,55.19500017166138,4596000,6096000,1920p,4.4,1.1
2024-09-18 02:29:46,0.8,0,55.19500017166138,4596000,6096000,1920p,4.4,1.1
2024-09-18 02:29:52,1.0,1,60.34600019454956,4596000,6096000,1920p,4.4,9
2024-09-18 02:29:55,1.0,1,62.248000144958496,6096000,4596000,1920p,5.9,8.8
2024-09-18 02:29:56,1.0,0,62.248000144958496,6096000,4596000,1920p,5.9,8.8
2024-09-18 02:29:58,1.0,1,63.069000005722046,6096000,4596000,1920p,5.9,9.3
2024-09-18 02:29:59,0.9,0,63.069000005722046,6096000,4596000,1920p,5.9,9.3
2024-09-18 02:30:04,1.0,1,67.23000001907349,6096000,4596000,1920p,5.9,9.3
2024-09-18 02:30:07,1.0,1,69.49600005149841,6096000,4596000,1920p,5.9,9.2
2024-09-18 02:30:08,1.0,0,69.49600005149841,6096000,4596000,1920p,5.9,9.2
2024-09-18 02:30:10,1.0,1,70.38499999046326,6096000,4596000,1920p,5.9,9.2
2024-09-18 02:30:11,0.9,0,70.38499999046326,6096000,4596000,1920p,5.9,8.9
2024-09-18 02:30:17,1.0,1,75.37600016593933,6096000,4596000,1920p,5.9,9.6
2024-09-18 02:30:20,1.0,1,77.5329999923706,6096000,4596000,1920p,5.9,9.7
2024-09-18 02:30:21,1.0,0,77.5329999923706,6096000,4596000,1920p,5.9,9.7
2024-09-18 02:30:27,1.0,1,82.14599990844727,6096000,4596000,1920p,5.9,9.4
2024-09-18 02:30:30,1.0,1,84.53600001335144,6096000,4596000,1920p,5.9,9.5
2024-09-18 02:30:31,1.0,0,84.53600001335144,6096000,4596000,1920p,5.9,9.5
2024-09-18 02:30:37,1.0,1,89.19199991226196,4596000,6096000,1920p,4.4,7.7
2024-09-18 02:30:40,1.0,1,91.23199987411499,4596000,6096000,1920p,4.4,7.8
2024-09-18 02:30:41,1.0,0,91.23199987411499,4596000,6096000,1920p,4.4,7.8
2024-09-18 02:30:47,1.0,1,96.55900001525879,6096000,4596000,1920p,5.9,7.6
2024-09-18 02:30:50,1.0,1,98.71799993515015,6096000,4596000,1920p,5.9,7.7
2024-09-18 02:30:51,1.0,0,98.71799993515015,3096000,6096000,1280p,3,3.2
2024-09-18 02:30:56,1.0,1,102.18899989128113,3096000,6096000,1280p,3,6.5
2024-09-18 02:30:59,1.0,1,104.20199990272522,3096000,6096000,1280p,3,6.6
2024-09-18 02:31:00,1.0,0,104.20199990272522,3096000,6096000,1280p,3,6.6
2024-09-18 02:31:01,1.0,1,104.59999990463257,4596000,6096000,1920p,4.4,1.6
2024-09-18 02:31:02,0.8,0,104.59999990463257,4596000,6096000,1920p,4.4,6.4
2024-09-18 02:31:08,1.0,1,109.35899996757507,4596000,6096000,1920p,4.4,7.9
2024-09-18 02:31:11,1.0,1,111.75200009346008,6096000,4596000,1920p,5.9,7.7
2024-09-18 02:31:12,1.0,0,111.75200009346008,6096000,4596000,1920p,5.9,7.7
2024-09-18 02:31:19,1.0,1,117.92300009727478,6096000,4596000,1920p,5.9,8.8
2024-09-18 02:31:22,0.0,1,120.3030002117157,6096000,4596000,1920p,5.9,8.9
2024-09-18 02:31:29,1.0,1,126.9280002117157,6096000,4596000,1920p,5.9,7.9
2024-09-18 02:31:30,1.0,0,126.9280002117157,6096000,4596000,1920p,5.9,7.9
2024-09-18 02:31:32,1.0,0,126.9280002117157,6096000,4596000,1920p,5.9,8.9
2024-09-18 02:31:33,1.0,0,126.9280002117157,6096000,4596000,1920p,5.9,8.9
2024-09-18 02:31:34,0.6,0,126.9280002117157,6096000,4596000,1920p,5.9,9
2024-09-18 02:31:39,1.0,1,131.6410002708435,6096000,4596000,1920p,5.9,8.5
2024-09-18 02:31:42,1.0,1,134.06700015068054,6096000,4596000,1920p,5.9,5.5
2024-09-18 02:31:43,1.0,0,134.06700015068054,6096000,4596000,1920p,5.9,5.1
2024-09-18 02:31:45,1.0,0,134.09400033950806,6096000,4596000,1920p,5.9,3.8
2024-09-18 02:31:46,0.9,0,134.09400033950806,6096000,4596000,1920p,5.9,3.8
2024-09-18 02:31:51,1.0,1,138.63400030136108,6096000,4596000,1920p,5.9,6.6
2024-09-18 02:31:54,1.0,1,140.76700019836426,6096000,4596000,1920p,5.9,7.3
2024-09-18 02:31:55,1.0,0,140.76700019836426,6096000,4596000,1920p,5.9,9.3
2024-09-18 02:31:56,1.0,0,140.76700019836426,6096000,4596000,1920p,5.9,9.3
2024-09-18 02:31:57,0.8,0,140.76700019836426,6096000,4596000,1920p,5.9,9.3
2024-09-18 02:32:02,1.0,1,144.83900022506714,6096000,4596000,1920p,5.9,9.5
2024-09-18 02:32:05,1.0,1,147.02200031280518,6096000,4596000,1920p,5.9,9.5
2024-09-18 02:32:06,0.9,0,147.02200031280518,6096000,4596000,1920p,5.9,9.5
2024-09-18 02:32:08,1.0,1,147.79400038719177,6096000,4596000,1920p,5.9,9.6
2024-09-18 02:32:09,0.8,0,147.79400038719177,6096000,4596000,1920p,5.9,9.6
2024-09-18 02:32:11,1.0,1,148.39500045776367,6096000,4596000,1920p,5.9,9.7
2024-09-18 02:32:12,0.4,0,148.4110004901886,6096000,4596000,1920p,5.9,9.7
2024-09-18 02:32:17,1.0,1,153.31200051307678,6096000,4596000,1920p,5.9,8.1
2024-09-18 02:32:23,0.2,1,158.99200057983398,6096000,4596000,1920p,5.9,9.3
2024-09-18 02:32:26,1.0,1,161.32200050354004,6096000,4596000,1920p,5.9,9.8
2024-09-18 02:32:27,1.0,0,161.32200050354004,6096000,4596000,1920p,5.9,1
2024-09-18 02:32:28,1.0,0,161.32200050354004,6096000,4596000,1920p,5.9,1
2024-09-18 02:32:30,1.0,1,161.9170002937317,6096000,4596000,1920p,5.9,1
2024-09-18 02:32:31,1.0,0,161.9170002937317,6096000,4596000,1920p,5.9,1
2024-09-18 02:32:33,1.0,1,162.48600029945374,6096000,4596000,1920p,5.9,1
2024-09-18 02:32:34,0.8,0,162.48600029945374,6096000,4596000,1920p,5.9,1
2024-09-18 02:32:39,1.0,1,167.18200016021729,6096000,4596000,1920p,5.9,9.8
2024-09-18 02:32:43,1.0,1,169.61400032043457,6096000,4596000,1920p,5.9,9.9
2024-09-18 02:32:44,0.9,0,169.61400032043457,6096000,4596000,1920p,5.9,9.9
2024-09-18 02:32:45,1.0,0,169.61400032043457,6096000,4596000,1920p,5.9,8.2
2024-09-18 02:32:46,0.8,0,169.61400032043457,6096000,4596000,1920p,5.9,8.2
2024-09-18 02:32:49,1.0,1,172.12500023841858,6096000,4596000,1920p,5.9,9
2024-09-18 02:32:53,1.0,1,174.58900022506714,6096000,4596000,1920p,5.9,8.7
2024-09-18 02:32:54,0.9,0,174.58900022506714,6096000,4596000,1920p,5.9,8.7
2024-09-18 02:32:56,1.0,1,175.882000207901,6096000,4596000,1920p,5.9,8.7
2024-09-18 02:32:57,0.7,0,175.882000207901,6096000,4596000,1920p,5.9,8.7
2024-09-18 02:33:05,1.0,1,183.4800000190735,6096000,4596000,1920p,5.9,6.2
2024-09-18 02:33:10,0.1,1,188.67600011825562,6096000,4596000,1920p,5.9,7.6
2024-09-18 02:33:16,1.0,1,194.86800026893616,6096000,4596000,1920p,5.9,7.4
2024-09-18 02:33:19,1.0,1,196.68300032615662,6096000,4596000,1920p,5.9,8.4
2024-09-18 02:33:20,0.9,0,196.68300032615662,6096000,4596000,1920p,5.9,8.4
2024-09-18 02:33:23,1.0,1,197.60500025749207,6096000,4596000,1920p,5.9,8.6
2024-09-18 02:33:24,0.6,0,197.60500025749207,6096000,4596000,1920p,5.9,8.6
2024-09-18 02:33:29,1.0,1,202.7200002670288,6096000,4596000,1920p,5.9,8.4
2024-09-18 02:33:35,0.2,1,208.94900012016296,6096000,4596000,1920p,5.9,8.1
2024-09-18 02:33:38,1.0,1,210.28700017929077,6096000,4596000,1920p,5.9,8.2
2024-09-18 02:33:40,1.0,1,211.78600001335144,6096000,4596000,1920p,5.9,8.1
2024-09-18 02:33:41,1.0,0,211.78600001335144,6096000,4596000,1920p,5.9,8.1
2024-09-18 02:33:49,1.0,1,219.32200002670288,6096000,4596000,1920p,5.9,3.3
2024-09-18 02:34:07,1.0,1,236.4340000152588,1196000,3096000,768p,1.1,1
2024-09-18 02:34:09,1.0,1,237.61800003051758,1196000,3096000,768p,1.1,1.3
2024-09-18 02:34:10,1.0,0,237.61800003051758,1196000,3096000,768p,1.1,1.3
2024-09-18 02:34:11,0.5,0,237.61800003051758,1196000,3096000,768p,1.1,1.3
2024-09-18 02:34:14,1.0,1,239.125,1196000,3096000,768p,1.1,1.1
2024-09-18 02:34:16,1.0,1,239.57599997520447,1196000,3096000,768p,1.1,1.4
2024-09-18 02:34:17,1.0,0,239.57599997520447,1196000,3096000,768p,1.1,1.4
2024-09-18 02:34:18,1.0,1,239.8880000114441,1196000,3096000,768p,1.1,1.7
2024-09-18 02:34:19,1.0,0,239.8880000114441,1196000,3096000,768p,1.1,1.7
2024-09-18 02:34:20,1.0,1,240,1196000,3096000,768p,1.1,1.9
2024-09-18 02:34:22,0.8,0,240,1196000,3096000,768p,1.1,1.9
2024-09-18 02:34:23,1.0,1,240.1010000705719,1196000,3096000,768p,1.1,2.1
2024-09-18 02:34:24,0.5,0,240.1010000705719,1196000,3096000,768p,1.1,2.1
2024-09-18 02:34:25,1.0,1,240.3140001296997,1196000,3096000,768p,1.1,2.3
2024-09-18 02:34:26,0.3,0,240.3140001296997,1196000,3096000,768p,1.1,2.3
2024-09-18 02:34:29,1.0,1,242.8140001296997,1196000,3096000,768p,1.1,2.7
2024-09-18 02:34:33,1.0,1,245.35700011253357,2096000,1196000,960p,2,2.8
2024-09-18 02:34:34,1.0,0,245.35700011253357,2096000,1196000,960p,2,2.9
2024-09-18 02:34:35,1.0,1,246.03400015830994,2096000,1196000,960p,2,3.4
2024-09-18 02:34:37,0.8,0,246.03400015830994,2096000,1196000,960p,2,3.3
2024-09-18 02:34:38,1.0,1,246.40300011634827,2096000,1196000,960p,2,3.5
2024-09-18 02:34:39,0.5,0,246.40300011634827,3096000,2096000,1280p,3,3.6
2024-09-18 02:34:41,1.0,1,246.61100006103516,3096000,2096000,1280p,3,3.7
2024-09-18 02:34:42,0.3,0,246.6450002193451,3096000,2096000,1280p,3,3.7
2024-09-18 02:34:43,1.0,1,247.12400007247925,1196000,3096000,768p,1.1,9.1
2024-09-18 02:34:48,1.0,1,250.6650002002716,1196000,3096000,768p,1.1,4.3
2024-09-18 02:34:51,1.0,1,252.41800022125244,1196000,3096000,768p,1.1,4.2
2024-09-18 02:34:52,1.0,0,252.41800022125244,1196000,3096000,768p,1.1,4.2
2024-09-18 02:34:53,1.0,1,252.8950002193451,1196000,3096000,768p,1.1,3.9
2024-09-18 02:34:54,0.9,0,252.8950002193451,1196000,3096000,768p,1.1,4.2
2024-09-18 02:34:55,1.0,0,252.91100025177002,1196000,3096000,768p,1.1,3.6
2024-09-18 02:34:56,0.8,0,252.91100025177002,1196000,3096000,768p,1.1,3.4
2024-09-18 02:34:58,1.0,1,253.1300003528595,1196000,3096000,768p,1.1,3.5
2024-09-18 02:34:59,0.6,0,253.1300003528595,1196000,3096000,768p,1.1,3.6
2024-09-18 02:35:00,1.0,1,253.68600034713745,1196000,3096000,768p,1.1,3.8
2024-09-18 02:35:01,0.5,0,253.68600034713745,3096000,1196000,1280p,3,3.8
2024-09-18 02:35:03,1.0,0,253.68600034713745,3096000,1196000,1280p,3,3.9
2024-09-18 02:35:04,0.4,0,253.68600034713745,3096000,1196000,1280p,3,3.8
2024-09-18 02:35:05,1.0,1,254.03900027275085,3096000,1196000,1280p,3,4.5
2024-09-18 02:35:11,1.0,1,258.6230003833771,3096000,1196000,1280p,3,4.9
2024-09-18 02:35:14,1.0,1,260.74700021743774,3096000,1196000,1280p,3,5
2024-09-18 02:35:15,1.0,0,260.74700021743774,3096000,1196000,1280p,3,5
2024-09-18 02:35:16,1.0,1,261.32200026512146,3096000,1196000,1280p,3,4.3
2024-09-18 02:35:18,1.0,0,261.32200026512146,3096000,1196000,1280p,3,4.3
2024-09-18 02:35:22,1.0,1,265.103000164032,3096000,1196000,1280p,3,4.9
2024-09-18 02:35:26,1.0,1,268.2160003185272,3096000,1196000,1280p,3,3.9
2024-09-18 02:35:27,1.0,0,268.2160003185272,3096000,1196000,1280p,3,3.9
2024-09-18 02:35:33,1.0,1,273.60200023651123,3096000,1196000,1280p,3,3.3
2024-09-18 02:35:40,0.1,1,279.79300022125244,3096000,1196000,1280p,3,4.3
2024-09-18 02:35:42,0.9,1,280.3860001564026,3096000,1196000,1280p,3,5.5
2024-09-18 02:35:43,1.0,0,280.3860001564026,3096000,1196000,1280p,3,5.5
2024-09-18 02:35:44,0.8,0,280.3860001564026,3096000,1196000,1280p,3,5.5
2024-09-18 02:35:45,1.0,0,280.3860001564026,4596000,3096000,1920p,4.4,4.6
2024-09-18 02:35:46,0.7,0,280.3860001564026,4596000,3096000,1920p,4.4,5.2
2024-09-18 02:35:49,1.0,1,282.1520001888275,4596000,3096000,1920p,4.4,5.4
2024-09-18 02:35:50,0.5,0,282.18400025367737,4596000,3096000,1920p,4.4,5.3
2024-09-18 02:35:55,1.0,1,287.80000019073486,4596000,3096000,1920p,4.4,5
2024-09-18 02:35:59,1.0,1,289.7700002193451,4596000,3096000,1920p,4.4,5.2
2024-09-18 02:36:00,1.0,0,289.7700002193451,4596000,3096000,1920p,4.4,5.2
2024-09-18 02:36:05,1.0,1,294.0950002670288,4596000,3096000,1920p,4.4,5.6
2024-09-18 02:36:11,0.3,1,300.485000371933,4596000,3096000,1920p,4.4,6.5
2024-09-18 02:36:14,1.0,1,302.2720003128052,4596000,3096000,1920p,4.4,6.5
2024-09-18 02:36:17,1.0,1,303.7000002861023,4596000,3096000,1920p,4.4,5.9
2024-09-18 02:36:18,0.9,0,303.7000002861023,4596000,3096000,1920p,4.4,5.9
2024-09-18 02:36:23,1.0,1,308.16000032424927,4596000,3096000,1920p,4.4,6.1
2024-09-18 02:36:27,1.0,1,310.6830003261566,4596000,3096000,1920p,4.4,5.6
2024-09-18 02:36:28,1.0,0,310.6830003261566,4596000,3096000,1920p,4.4,5.6
2024-09-18 02:36:33,1.0,1,315.4810001850128,4596000,3096000,1920p,4.4,5.9
2024-09-18 02:36:36,1.0,1,317.57800030708313,4596000,3096000,1920p,4.4,6
2024-09-18 02:36:37,1.0,0,317.57800030708313,4596000,3096000,1920p,4.4,6
2024-09-18 02:36:42,1.0,1,321.7290003299713,4596000,3096000,1920p,4.4,6.2
2024-09-18 02:36:45,1.0,1,323.5290002822876,4596000,3096000,1920p,4.4,5.9
2024-09-18 02:36:46,1.0,0,323.5290002822876,4596000,3096000,1920p,4.4,5.9
2024-09-18 02:36:48,1.0,1,324.467000246048,4596000,3096000,1920p,4.4,6.2
2024-09-18 02:36:49,1.0,0,324.467000246048,4596000,3096000,1920p,4.4,6.2
2024-09-18 02:36:51,1.0,1,324.8340001106262,4596000,3096000,1920p,4.4,6.3
2024-09-18 02:36:52,1.0,0,324.8340001106262,4596000,3096000,1920p,4.4,6.7
2024-09-18 02:36:53,1.0,0,324.8340001106262,4596000,3096000,1920p,4.4,6.7
2024-09-18 02:36:54,0.6,0,324.8340001106262,4596000,3096000,1920p,4.4,6.7
2024-09-18 02:37:00,1.0,1,330.35700011253357,6096000,4596000,1920p,5.9,7.4
2024-09-18 02:37:06,0.2,1,337.0290002822876,6096000,4596000,1920p,5.9,8.2
2024-09-18 02:37:10,1.0,1,339.1410002708435,6096000,4596000,1920p,5.9,8.5
2024-09-18 02:37:15,1.0,1,343.87200021743774,6096000,4596000,1920p,5.9,7.6
2024-09-18 02:37:22,0.1,1,350.7730002403259,6096000,4596000,1920p,5.9,7.4
2024-09-18 02:37:26,1.0,1,353.03400015830994,6096000,4596000,1920p,5.9,7.5
2024-09-18 02:37:31,1.0,1,357.78900027275085,6096000,4596000,1920p,5.9,7.5
2024-09-18 02:37:38,0.2,1,364.61800026893616,6096000,4596000,1920p,5.9,8.1
2024-09-18 02:37:41,1.0,1,366.68300008773804,6096000,4596000,1920p,5.9,8.2
2024-09-18 02:37:42,1.0,0,366.68300008773804,6096000,4596000,1920p,5.9,8.7
2024-09-18 02:37:43,1.0,0,366.68300008773804,6096000,4596000,1920p,5.9,8.7
2024-09-18 02:37:49,1.0,1,371.5600001811981,6096000,4596000,1920p,5.9,7.9
2024-09-18 02:37:52,1.0,1,373.59600019454956,6096000,4596000,1920p,5.9,8.2
2024-09-18 02:37:53,1.0,0,373.59600019454956,6096000,4596000,1920p,5.9,8.2
2024-09-18 02:37:55,1.0,1,374.114000082016,6096000,4596000,1920p,5.9,8.2
2024-09-18 02:37:56,1.0,0,374.114000082016,6096000,4596000,1920p,5.9,8.2
2024-09-18 02:38:01,1.0,1,379.12000012397766,6096000,4596000,1920p,5.9,8.5
2024-09-18 02:38:09,0.1,1,386.3270001411438,6096000,4596000,1920p,5.9,8.8
2024-09-18 02:38:12,1.0,1,388.4140000343323,6096000,4596000,1920p,5.9,8.5
2024-09-18 02:38:18,1.0,1,393.4010000228882,6096000,4596000,1920p,5.9,8.2
2024-09-18 02:38:26,0.1,1,401.835000038147,6096000,4596000,1920p,5.9,8.1
2024-09-18 02:38:32,0.9,1,407.4079999923706,6096000,4596000,1920p,5.9,8.6
2024-09-18 02:38:34,1.0,1,409.2460000514984,6096000,4596000,1920p,5.9,8.6
2024-09-18 02:38:36,0.9,0,409.2460000514984,6096000,4596000,1920p,5.9,8.4
2024-09-18 02:38:37,1.0,1,409.75999999046326,6096000,4596000,1920p,5.9,8.4
2024-09-18 02:38:38,0.7,0,409.75999999046326,6096000,4596000,1920p,5.9,8.4
2024-09-18 02:38:43,1.0,1,414.6180000305176,6096000,4596000,1920p,5.9,8.3
2024-09-18 02:38:46,1.0,1,415.72100019454956,6096000,4596000,1920p,5.9,8.9
2024-09-18 02:38:47,0.9,0,415.72100019454956,6096000,4596000,1920p,5.9,8.9
2024-09-18 02:38:49,1.0,1,416.8540003299713,6096000,4596000,1920p,5.9,7.2
2024-09-18 02:38:50,0.6,0,416.8540003299713,6096000,4596000,1920p,5.9,7.2
2024-09-18 02:38:54,1.0,1,420.61200046539307,6096000,4596000,1920p,5.9,8.3
2024-09-18 02:38:58,1.0,1,423.0580003261566,6096000,4596000,1920p,5.9,8.3
2024-09-18 02:38:59,1.0,0,423.0580003261566,6096000,4596000,1920p,5.9,8.3
2024-09-18 02:39:01,1.0,1,423.9550004005432,6096000,4596000,1920p,5.9,8.5
2024-09-18 02:39:02,0.7,0,423.9550004005432,6096000,4596000,1920p,5.9,8.7
2024-09-18 02:39:03,1.0,0,423.9550004005432,6096000,4596000,1920p,5.9,8.9
2024-09-18 02:39:04,0.6,0,423.9550004005432,6096000,4596000,1920p,5.9,8.9
2024-09-18 02:39:08,1.0,1,427.3820004463196,6096000,4596000,1920p,5.9,9.2
2024-09-18 02:39:12,1.0,1,429.99300050735474,6096000,4596000,1920p,5.9,8.6
2024-09-18 02:39:13,1.0,0,429.99300050735474,6096000,4596000,1920p,5.9,8.6
2024-09-18 02:39:15,1.0,1,430.72800040245056,6096000,4596000,1920p,5.9,8.7
2024-09-18 02:39:16,0.9,0,430.72800040245056,6096000,4596000,1920p,5.9,8.7
2024-09-18 02:39:23,1.0,1,437.3120002746582,6096000,4596000,1920p,5.9,5.4
2024-09-18 02:39:29,1.0,1,443.4260003566742,3096000,4596000,1280p,3,7.2
2024-09-18 02:39:34,0.9,1,448.42700028419495,3096000,4596000,1280p,3,7.5
2024-09-18 02:39:37,1.0,1,450.4130001068115,6096000,3096000,1920p,5.9,7.2
2024-09-18 02:39:38,0.7,0,450.4130001068115,6096000,3096000,1920p,5.9,7.2
2024-09-18 02:39:40,1.0,1,451.13899993896484,6096000,3096000,1920p,5.9,7.5
2024-09-18 02:39:41,0.5,1,451.16100001335144,6096000,3096000,1920p,5.9,7.5
2024-09-18 02:39:43,1.0,1,451.2569999694824,6096000,3096000,1920p,5.9,4.7
2024-09-18 02:39:50,1.0,1,457.45800018310547,3096000,6096000,1280p,3,5.3
2024-09-18 02:39:53,1.0,1,459.3840000629425,4596000,3096000,1920p,4.4,5.4
2024-09-18 02:39:54,0.9,0,459.3840000629425,4596000,3096000,1920p,4.4,5.4
2024-09-18 02:40:00,0.5,1,464.23800015449524,6096000,4596000,1920p,5.9,1.1
2024-09-18 02:40:05,1.0,1,470.15500020980835,6096000,4596000,1920p,5.9,1
2024-09-18 02:40:09,0.9,1,472.1820001602173,6096000,4596000,1920p,5.9,1
2024-09-18 02:40:10,1.0,0,472.18400025367737,6096000,4596000,1920p,5.9,1
2024-09-18 02:40:11,0.7,0,472.18400025367737,6096000,4596000,1920p,5.9,9.2
2024-09-18 02:40:12,1.0,1,472.5820002555847,4596000,6096000,1920p,4.4,1.2
2024-09-18 02:40:13,0.5,0,472.5820002555847,4596000,6096000,1920p,4.4,9.3
2024-09-18 02:40:15,1.0,1,473.132000207901,4596000,6096000,1920p,4.4,9.3
2024-09-18 02:40:16,0.4,0,473.132000207901,4596000,6096000,1920p,4.4,7.6
2024-09-18 02:40:17,1.0,1,473.40300035476685,4596000,6096000,1920p,4.4,8.9
2024-09-18 02:40:25,0.4,1,480.2730002403259,6096000,4596000,1920p,5.9,8.7
2024-09-18 02:40:30,0.1,1,485.0240001678467,6096000,4596000,1920p,5.9,7.9
2024-09-18 02:40:33,0.9,1,486.4450001716614,6096000,4596000,1920p,5.9,8.3
2024-09-18 02:40:35,1.0,1,487.6250002384186,6096000,4596000,1920p,5.9,8.7
2024-09-18 02:40:36,0.7,0,487.6250002384186,6096000,4596000,1920p,5.9,8.8
2024-09-18 02:40:41,0.7,1,492.6470003128052,6096000,4596000,1920p,5.9,8.7
2024-09-18 02:40:45,1.0,1,495.06100034713745,6096000,4596000,1920p,5.9,9.6
2024-09-18 02:40:46,1.0,0,495.06100034713745,6096000,4596000,1920p,5.9,9.6
2024-09-18 02:40:51,0.6,1,499.7240002155304,6096000,4596000,1920p,5.9,8.9
2024-09-18 02:40:55,1.0,1,501.8990001678467,6096000,4596000,1920p,5.9,9.3
2024-09-18 02:40:56,0.8,0,501.8990001678467,6096000,4596000,1920p,5.9,9.3
2024-09-18 02:41:01,0.7,1,506.83300018310547,6096000,4596000,1920p,5.9,8.7
2024-09-18 02:41:05,1.0,1,509.26300024986267,6096000,4596000,1920p,5.9,8.9
2024-09-18 02:41:06,1.0,0,509.26300024986267,6096000,4596000,1920p,5.9,9
2024-09-18 02:41:12,0.9,1,514.5880000591278,6096000,4596000,1920p,5.9,6.8
2024-09-18 02:41:19,0.1,1,521.4760000705719,6096000,4596000,1920p,5.9,8.2
2024-09-18 02:41:22,1.0,1,523.4760000705719,6096000,4596000,1920p,5.9,8.5
2024-09-18 02:41:28,0.4,1,528.4539999961853,6096000,4596000,1920p,5.9,8.5
2024-09-18 02:41:30,1.0,1,529.4869999885559,6096000,4596000,1920p,5.9,9.5
2024-09-18 02:41:31,1.0,0,529.4869999885559,6096000,4596000,1920p,5.9,9.6
2024-09-18 02:41:32,1.0,0,529.4869999885559,6096000,4596000,1920p,5.9,9.8
2024-09-18 02:41:33,1.0,0,529.4869999885559,6096000,4596000,1920p,5.9,9.8
2024-09-18 02:41:35,1.0,1,530.2750000953674,6096000,4596000,1920p,5.9,9.8
2024-09-18 02:41:36,1.0,0,530.2750000953674,6096000,4596000,1920p,5.9,9.5
2024-09-18 02:41:37,1.0,0,530.3330001831055,6096000,4596000,1920p,5.9,9.9
2024-09-18 02:41:38,1.0,0,530.3330001831055,6096000,4596000,1920p,5.9,9.9
2024-09-18 02:41:43,0.8,1,534.9530003070831,6096000,4596000,1920p,5.9,9.1
2024-09-18 02:41:45,1.0,1,535.565000295639,6096000,4596000,1920p,5.9,1
2024-09-18 02:41:46,1.0,0,535.565000295639,6096000,4596000,1920p,5.9,1
2024-09-18 02:41:48,1.0,1,536.5430002212524,6096000,4596000,1920p,5.9,9.3
2024-09-18 02:41:49,0.8,0,536.5430002212524,6096000,4596000,1920p,5.9,9.3
2024-09-18 02:41:51,1.0,1,537.2240002155304,6096000,4596000,1920p,5.9,9.4
2024-09-18 02:41:52,0.5,0,537.2240002155304,6096000,4596000,1920p,5.9,9.2
2024-09-18 02:41:57,1.0,1,541.8190002441406,6096000,4596000,1920p,5.9,9.4
2024-09-18 02:42:00,1.0,1,543.8990004062653,6096000,4596000,1920p,5.9,9.3
2024-09-18 02:42:01,1.0,0,543.8990004062653,6096000,4596000,1920p,5.9,9.3
2024-09-18 02:42:03,1.0,1,544.2250003814697,6096000,4596000,1920p,5.9,9.3
2024-09-18 02:42:04,1.0,0,544.2250003814697,6096000,4596000,1920p,5.9,9.3
2024-09-18 02:42:10,1.0,1,549.735000371933,6096000,4596000,1920p,5.9,7.8
2024-09-18 02:42:17,1.0,1,556.5910003185272,6096000,4596000,1920p,5.9,8.6
2024-09-18 02:42:19,1.0,1,557.5100004673004,6096000,4596000,1920p,5.9,9.5
2024-09-18 02:42:20,1.0,0,557.5100004673004,6096000,4596000,1920p,5.9,9.5
2024-09-18 02:42:21,0.7,0,557.5100004673004,6096000,4596000,1920p,5.9,9.3
2024-09-18 02:42:23,1.0,1,557.8990004062653,6096000,4596000,1920p,5.9,9.5
2024-09-18 02:42:24,0.4,0,557.8990004062653,6096000,4596000,1920p,5.9,9.1
2024-09-18 02:42:26,1.0,1,558.5220003128052,6096000,4596000,1920p,5.9,9.4
2024-09-18 02:42:31,1.0,1,563.3400001525879,6096000,4596000,1920p,5.9,8.3
2024-09-18 02:42:39,0.2,1,570.7270002365112,6096000,4596000,1920p,5.9,8.4
2024-09-18 02:42:42,1.0,1,572.7410004138947,6096000,4596000,1920p,5.9,8.5
2024-09-18 02:42:47,1.0,1,577.4920003414154,6096000,4596000,1920p,5.9,8.5
2024-09-18 02:42:50,1.0,1,578.7890002727509,6096000,4596000,1920p,5.9,8.9
2024-09-18 02:42:51,1.0,0,578.7890002727509,6096000,4596000,1920p,5.9,8.9
2024-09-18 02:42:52,0.4,0,578.8030004501343,6096000,4596000,1920p,5.9,8.9
2024-09-18 02:42:53,1.0,1,579.3480002880096,6096000,4596000,1920p,5.9,8.9
2024-09-18 02:43:00,1.0,1,584.6690003871918,6096000,4596000,1920p,5.9,9.1
2024-09-18 02:43:03,1.0,1,586.7920002937317,6096000,4596000,1920p,5.9,9.2
2024-09-18 02:43:04,0.8,0,586.7920002937317,6096000,4596000,1920p,5.9,9.2
2024-09-18 02:43:09,1.0,1,591.3950002193451,6096000,4596000,1920p,5.9,8.6
2024-09-18 02:43:13,1.0,1,593.5590002536774,6096000,4596000,1920p,5.9,8.9
2024-09-18 02:43:14,1.0,0,593.5590002536774,6096000,4596000,1920p,5.9,9.9
2024-09-18 02:43:15,1.0,0,593.5850002765656,6096000,4596000,1920p,5.9,9.9
2024-09-18 02:43:16,1.0,0,593.5850002765656,6096000,4596000,1920p,5.9,9.9
2024-09-18 02:43:17,1.0,0,593.5850002765656,6096000,4596000,1920p,5.9,8.8
2024-09-18 02:43:18,0.8,0,593.5850002765656,6096000,4596000,1920p,5.9,8.9
2024-09-18 02:43:19,1.0,0,593.5850002765656,6096000,4596000,1920p,5.9,9.8
2024-09-18 02:43:20,0.7,0,593.5850002765656,6096000,4596000,1920p,5.9,9.8
2024-09-18 02:43:25,1.0,1,597.9750003814697,6096000,4596000,1920p,5.9,9.5
2024-09-18 02:43:28,1.0,1,600.1350004673004,6096000,4596000,1920p,5.9,9.4
2024-09-18 02:43:29,0.9,0,600.1350004673004,6096000,4596000,1920p,5.9,9.4
2024-09-18 02:43:31,1.0,1,600.7920002937317,6096000,4596000,1920p,5.9,9.4
2024-09-18 02:43:32,0.7,0,600.7920002937317,6096000,4596000,1920p,5.9,9.4
2024-09-18 02:43:37,1.0,1,605.3720004558563,6096000,4596000,1920p,5.9,9.4
2024-09-18 02:43:40,1.0,1,606.5970003604889,6096000,4596000,1920p,5.9,9.6
2024-09-18 02:43:41,1.0,0,606.5970003604889,6096000,4596000,1920p,5.9,9.6
2024-09-18 02:43:42,1.0,0,606.5970003604889,6096000,4596000,1920p,5.9,1
2024-09-18 02:43:43,1.0,0,606.5970003604889,6096000,4596000,1920p,5.9,1
2024-09-18 02:43:44,1.0,1,606.6730003356934,6096000,4596000,1920p,5.9,1
2024-09-18 02:43:45,0.9,0,606.6730003356934,6096000,4596000,1920p,5.9,1
2024-09-18 02:43:48,1.0,1,607.8330001831055,6096000,4596000,1920p,5.9,1
2024-09-18 02:43:49,0.6,0,607.8330001831055,6096000,4596000,1920p,5.9,1
2024-09-18 02:43:54,1.0,1,612.6380000114441,6096000,4596000,1920p,5.9,9.6
2024-09-18 02:43:56,1.0,1,614.2929999828339,6096000,4596000,1920p,5.9,9.4
2024-09-18 02:43:58,1.0,0,614.2929999828339,6096000,4596000,1920p,5.9,9.4
2024-09-18 02:43:59,1.0,1,614.9630000591278,6096000,4596000,1920p,5.9,9.7
2024-09-18 02:44:00,0.8,0,614.9630000591278,6096000,4596000,1920p,5.9,9.7
2024-09-18 02:44:05,1.0,1,618.7369999885559,6096000,4596000,1920p,5.9,9.4
2024-09-18 02:44:08,1.0,1,621.2060000896454,6096000,4596000,1920p,5.9,9.4
2024-09-18 02:44:09,1.0,0,621.2060000896454,6096000,4596000,1920p,5.9,9.4
2024-09-18 02:44:11,1.0,1,622.0500001907349,6096000,4596000,1920p,5.9,9.4
2024-09-18 02:44:12,1.0,0,622.0500001907349,6096000,4596000,1920p,5.9,9.4
2024-09-18 02:44:18,1.0,1,626.7590003013611,6096000,4596000,1920p,5.9,9.2
2024-09-18 02:44:19,1.0,1,627.4850001335144,6096000,4596000,1920p,5.9,1
2024-09-18 02:44:21,1.0,0,627.4850001335144,6096000,4596000,1920p,5.9,1
2024-09-18 02:44:23,1.0,1,628.3670001029968,6096000,4596000,1920p,5.9,9.9
2024-09-18 02:44:24,0.8,0,628.3670001029968,6096000,4596000,1920p,5.9,9.9
2024-09-18 02:44:26,1.0,1,629.212000131607,6096000,4596000,1920p,5.9,1
2024-09-18 02:44:27,0.7,0,629.212000131607,6096000,4596000,1920p,5.9,1
2024-09-18 02:44:29,1.0,1,631.4500002861023,6096000,4596000,1920p,5.9,1
2024-09-18 02:44:33,1.0,1,633.8670001029968,6096000,4596000,1920p,5.9,1
2024-09-18 02:44:34,0.8,0,633.8670001029968,6096000,4596000,1920p,5.9,1
2024-09-18 02:44:36,1.0,1,634.8170001506805,6096000,4596000,1920p,5.9,1
2024-09-18 02:44:37,0.6,0,634.8170001506805,6096000,4596000,1920p,5.9,1
2024-09-18 02:44:39,1.0,1,635.8200001716614,6096000,4596000,1920p,5.9,1
2024-09-18 02:44:43,1.0,1,638.6420001983643,6096000,4596000,1920p,5.9,1
2024-09-18 02:44:47,1.0,1,641.7269999980927,6096000,4596000,1920p,5.9,1
2024-09-18 02:44:48,1.0,0,641.7269999980927,6096000,4596000,1920p,5.9,1
2024-09-18 02:44:50,1.0,1,642.5550000667572,6096000,4596000,1920p,5.9,1
2024-09-18 02:44:51,1.0,0,642.5550000667572,6096000,4596000,1920p,5.9,1
2024-09-18 02:44:53,1.0,1,643.1080000400543,6096000,4596000,1920p,5.9,1
2024-09-18 02:44:54,0.9,0,643.1080000400543,6096000,4596000,1920p,5.9,1
2024-09-18 02:44:59,1.0,1,648.0270001888275,6096000,4596000,1920p,5.9,9.9
2024-09-18 02:45:03,1.0,1,649.9430000782013,6096000,4596000,1920p,5.9,9.9
2024-09-18 02:45:04,1.0,0,649.9430000782013,6096000,4596000,1920p,5.9,9.9
2024-09-18 02:45:09,1.0,1,654.3759999275208,6096000,4596000,1920p,5.9,9.9
2024-09-18 02:45:12,1.0,1,656.7450001239777,6096000,4596000,1920p,5.9,9.7
2024-09-18 02:45:13,1.0,0,656.7450001239777,6096000,4596000,1920p,5.9,9.7
2024-09-18 02:45:15,1.0,1,657.5960001945496,6096000,4596000,1920p,5.9,9.8
2024-09-18 02:45:16,1.0,0,657.5960001945496,6096000,4596000,1920p,5.9,9.8
2024-09-18 02:45:23,1.0,1,663.4820001125336,6096000,4596000,1920p,5.9,9.5
2024-09-18 02:45:25,1.0,1,664.3710000514984,6096000,4596000,1920p,5.9,1
2024-09-18 02:45:26,1.0,0,664.3710000514984,6096000,4596000,1920p,5.9,1
2024-09-18 02:45:30,1.0,1,667.7079999446869,6096000,4596000,1920p,5.9,1
2024-09-18 02:45:33,1.0,1,669.7239999771118,6096000,4596000,1920p,5.9,1
2024-09-18 02:45:34,1.0,0,669.7239999771118,6096000,4596000,1920p,5.9,1
2024-09-18 02:45:36,1.0,1,670.4939999580383,6096000,4596000,1920p,5.9,9.9
2024-09-18 02:45:37,1.0,0,670.4939999580383,6096000,4596000,1920p,5.9,9.9
2024-09-18 02:45:39,1.0,1,671.5160000324249,6096000,4596000,1920p,5.9,9.6
2024-09-18 02:45:40,0.8,0,671.5160000324249,6096000,4596000,1920p,5.9,9.6
2024-09-18 02:45:44,1.0,1,674.6230001449585,6096000,4596000,1920p,5.9,5.7
2024-09-18 02:45:47,1.0,1,676.8010001182556,6096000,4596000,1920p,5.9,7.1
2024-09-18 02:45:48,1.0,0,676.8010001182556,6096000,4596000,1920p,5.9,7.1
2024-09-18 02:45:50,1.0,1,677.7630002498627,6096000,4596000,1920p,5.9,8
2024-09-18 02:45:51,0.8,0,677.7630002498627,6096000,4596000,1920p,5.9,8
2024-09-18 02:45:53,1.0,1,678.2510004043579,6096000,4596000,1920p,5.9,8.3
2024-09-18 02:45:54,1.0,0,678.2510004043579,6096000,4596000,1920p,5.9,8.5
2024-09-18 02:45:55,1.0,0,678.2510004043579,6096000,4596000,1920p,5.9,8.5
2024-09-18 02:45:56,0.5,0,678.2510004043579,6096000,4596000,1920p,5.9,8.5
2024-09-18 02:46:02,1.0,1,683.5470004081726,6096000,4596000,1920p,5.9,8.8
2024-09-18 02:46:10,0.2,1,691.6190004348755,6096000,4596000,1920p,5.9,7.1
2024-09-18 02:46:16,1.0,1,697.5750002861023,6096000,4596000,1920p,5.9,9.2
2024-09-18 02:46:19,1.0,1,699.9650003910065,6096000,4596000,1920p,5.9,9.4
2024-09-18 02:46:20,0.9,0,699.9650003910065,6096000,4596000,1920p,5.9,9.4
2024-09-18 02:46:28,1.0,1,707.2850005626678,6096000,4596000,1920p,5.9,4.3
2024-09-18 02:46:34,0.1,1,713.333000421524,3096000,6096000,1280p,3,5.4
2024-09-18 02:46:40,0.9,1,718.9230005741119,4596000,3096000,1920p,4.4,5.9
2024-09-18 02:46:42,1.0,1,719.5480005741119,4596000,3096000,1920p,4.4,6.8
2024-09-18 02:46:43,0.9,0,719.5480005741119,4596000,3096000,1920p,4.4,6.8
2024-09-18 02:46:45,1.0,1,720.5620005130768,4596000,3096000,1920p,4.4,6.7
2024-09-18 02:46:46,0.7,0,720.5620005130768,6096000,4596000,1920p,5.9,6.6
2024-09-18 02:46:48,1.0,1,720.9500005245209,6096000,4596000,1920p,5.9,7
2024-09-18 02:46:49,0.4,0,720.9500005245209,6096000,4596000,1920p,5.9,6.9
2024-09-18 02:46:54,1.0,1,726.2700006961823,6096000,4596000,1920p,5.9,6.9
2024-09-18 02:46:57,1.0,1,728.35600066185,6096000,4596000,1920p,5.9,6.6
2024-09-18 02:46:58,1.0,0,728.35600066185,6096000,4596000,1920p,5.9,6.6
2024-09-18 02:47:04,1.0,1,733.1720006465912,6096000,4596000,1920p,5.9,7.3
2024-09-18 02:47:13,0.0,1,742.0840005874634,3096000,6096000,1280p,3,5
2024-09-18 02:47:18,0.9,1,747.4930005073547,3096000,6096000,1280p,3,4.6
2024-09-18 02:47:21,1.0,1,749.3720006942749,3096000,6096000,1280p,3,5.1
2024-09-18 02:47:22,0.7,0,749.3720006942749,3096000,6096000,1280p,3,5.1
2024-09-18 02:47:27,1.0,1,753.5350008010864,3096000,6096000,1280p,3,4.8
2024-09-18 02:47:30,1.0,1,755.4090006351471,4596000,3096000,1920p,4.4,5
2024-09-18 02:47:31,1.0,0,755.4090006351471,4596000,3096000,1920p,4.4,4.9
2024-09-18 02:47:37,1.0,1,761.1020007133484,4596000,3096000,1920p,4.4,6.3
2024-09-18 02:47:41,1.0,1,763.0040006637573,4596000,3096000,1920p,4.4,6.5
2024-09-18 02:47:42,1.0,0,763.0040006637573,4596000,3096000,1920p,4.4,6.5
2024-09-18 02:47:44,1.0,1,763.7000007629395,4596000,3096000,1920p,4.4,6.7
2024-09-18 02:47:45,0.9,0,763.7000007629395,6096000,4596000,1920p,5.9,6.7
2024-09-18 02:47:50,1.0,1,768.2060008049011,6096000,4596000,1920p,5.9,6.7
2024-09-18 02:47:53,1.0,1,770.613000869751,6096000,4596000,1920p,5.9,7.2
2024-09-18 02:47:54,1.0,0,770.613000869751,6096000,4596000,1920p,5.9,7.1
2024-09-18 02:47:55,1.0,0,770.613000869751,6096000,4596000,1920p,5.9,7.6
2024-09-18 02:47:56,0.9,0,770.613000869751,6096000,4596000,1920p,5.9,7.6
2024-09-18 02:48:02,1.0,1,775.8090009689331,6096000,4596000,1920p,5.9,6.6
2024-09-18 02:48:10,0.1,1,783.414000749588,6096000,4596000,1920p,5.9,7.6
2024-09-18 02:48:11,0.9,1,783.7870008945465,6096000,4596000,1920p,5.9,8.2
2024-09-18 02:48:13,1.0,1,784.631000995636,6096000,4596000,1920p,5.9,8.1
2024-09-18 02:48:14,0.8,0,784.631000995636,6096000,4596000,1920p,5.9,8.1
2024-09-18 02:48:20,1.0,1,789.5740008354187,6096000,4596000,1920p,5.9,8
2024-09-18 02:48:23,1.0,1,791.9190008640289,6096000,4596000,1920p,5.9,7.9
2024-09-18 02:48:24,1.0,0,791.9190008640289,6096000,4596000,1920p,5.9,7.9
2024-09-18 02:48:31,1.0,1,797.7130007743835,6096000,4596000,1920p,5.9,7.2
2024-09-18 02:48:39,1.0,1,805.4670009613037,6096000,4596000,1920p,5.9,7.2
2024-09-18 02:48:40,1.0,0,805.4670009613037,6096000,4596000,1920p,5.9,7.2
2024-09-18 02:48:55,0.2,1,819.8790009021759,3096000,6096000,1280p,3,4.1
2024-09-18 02:48:56,1.0,1,820.3600010871887,3096000,6096000,1280p,3,4.9
2024-09-18 02:49:01,1.0,1,824.0360009670258,3096000,6096000,1280p,3,5.4
2024-09-18 02:49:04,1.0,1,825.9800009727478,4596000,3096000,1920p,4.4,5.5
2024-09-18 02:49:05,1.0,0,825.9800009727478,4596000,3096000,1920p,4.4,5.5
2024-09-18 02:49:11,1.0,1,831.2570009231567,6096000,4596000,1920p,5.9,6.4
2024-09-18 02:49:19,1.0,1,839.4590010643005,6096000,4596000,1920p,5.9,6.3
2024-09-18 02:49:22,1.0,1,840.9360010623932,6096000,4596000,1920p,5.9,6.7
2024-09-18 02:49:23,1.0,0,840.9360010623932,6096000,4596000,1920p,5.9,6.7
2024-09-18 02:49:24,0.7,0,840.9360010623932,6096000,4596000,1920p,5.9,6.1
2024-09-18 02:49:25,1.0,0,840.9380009174347,6096000,4596000,1920p,5.9,5.6
2024-09-18 02:49:26,0.6,0,840.9380009174347,4596000,6096000,1920p,4.4,5.6
2024-09-18 02:49:33,1.0,1,847.6760008335114,4596000,6096000,1920p,4.4,4.4
2024-09-18 02:49:40,0.1,1,854.9460008144379,3096000,4596000,1280p,3,4
2024-09-18 02:49:42,1.0,1,855.4790008068085,3096000,4596000,1280p,3,4.6
2024-09-18 02:49:49,1.0,1,862.4830009937286,2096000,3096000,960p,2,2.1
2024-09-18 02:49:53,0.2,1,866.1880009174347,2096000,3096000,960p,2,5.8
2024-09-18 02:49:56,1.0,1,867.950001001358,2096000,3096000,960p,2,5.5
2024-09-18 02:49:58,1.0,1,868.4530010223389,2096000,3096000,960p,2,5
2024-09-18 02:49:59,1.0,0,868.4530010223389,2096000,3096000,960p,2,5
2024-09-18 02:50:00,1.0,1,868.6790010929108,4596000,2096000,1920p,4.4,4.8
2024-09-18 02:50:01,0.8,0,868.6790010929108,4596000,2096000,1920p,4.4,4.8
2024-09-18 02:50:08,1.0,1,875.0020010471344,4596000,2096000,1920p,4.4,6.6
2024-09-18 02:50:11,1.0,1,877.2240011692047,4596000,2096000,1920p,4.4,6.6
2024-09-18 02:50:12,1.0,0,877.2240011692047,4596000,2096000,1920p,4.4,6.6
2024-09-18 02:50:18,1.0,1,882.3780012130737,4596000,2096000,1920p,4.4,6
2024-09-18 02:50:27,0.1,1,891.1540012359619,3096000,4596000,1280p,3,4.5
2024-09-18 02:50:29,0.9,1,891.7120013237,3096000,4596000,1280p,3,5.1
2024-09-18 02:50:33,1.0,1,895.0570013523102,4596000,3096000,1920p,4.4,6.7
2024-09-18 02:50:36,1.0,1,896.9590015411377,4596000,3096000,1920p,4.4,6.7
2024-09-18 02:50:37,1.0,0,896.9590015411377,4596000,3096000,1920p,4.4,6.7
2024-09-18 02:50:39,1.0,1,897.4430015087128,4596000,3096000,1920p,4.4,5.9
2024-09-18 02:50:40,0.8,0,897.4430015087128,4596000,3096000,1920p,4.4,6
2024-09-18 02:50:41,1.0,1,898.0970015525818,4596000,3096000,1920p,4.4,6.3
2024-09-18 02:50:43,0.5,0,898.0970015525818,4596000,3096000,1920p,4.4,6.3
2024-09-18 02:50:44,1.0,1,898.7380015850067,4596000,3096000,1920p,4.4,6.6
2024-09-18 02:50:49,1.0,1,902.1030015945435,6096000,4596000,1920p,5.9,7.1
2024-09-18 02:50:57,1.0,1,910.7340016365051,461000,6096000,480p,4.5,6.8
2024-09-18 02:50:58,1.0,0,910.7340016365051,461000,6096000,480p,4.5,6.8
2024-09-18 02:50:59,1.0,0,910.7340016365051,461000,6096000,480p,4.5,6.3
2024-09-18 02:51:00,1.0,0,910.7340016365051,461000,6096000,480p,4.5,6.3
2024-09-18 02:51:01,1.0,0,910.7340016365051,6096000,461000,1920p,5.9,5.6
2024-09-18 02:51:03,0.8,0,910.7340016365051,6096000,461000,1920p,5.9,5.6
2024-09-18 02:51:08,1.0,1,916.3160016536713,6096000,461000,1920p,5.9,8.4
2024-09-18 02:51:12,1.0,1,918.391001701355,6096000,461000,1920p,5.9,8.6
2024-09-18 02:51:13,1.0,0,918.391001701355,6096000,461000,1920p,5.9,8.6
2024-09-18 02:51:15,1.0,1,919.1150016784668,6096000,461000,1920p,5.9,8.5
2024-09-18 02:51:16,1.0,0,919.1150016784668,6096000,461000,1920p,5.9,8.5
2024-09-18 02:51:18,1.0,1,919.8000016212463,6096000,461000,1920p,5.9,9.1
2024-09-18 02:51:19,0.8,0,919.8000016212463,6096000,461000,1920p,5.9,8.6
2024-09-18 02:51:20,1.0,1,920.0330016613007,6096000,461000,1920p,5.9,9
2024-09-18 02:51:21,0.6,0,920.0330016613007,6096000,461000,1920p,5.9,9
2024-09-18 02:51:24,1.0,1,923.3870015144348,6096000,461000,1920p,5.9,9.3
2024-09-18 02:51:28,1.0,1,925.8430016040802,6096000,461000,1920p,5.9,9.6
2024-09-18 02:51:29,0.9,0,925.8430016040802,6096000,461000,1920p,5.9,9.6
2024-09-18 02:51:31,1.0,1,926.4830017089844,6096000,461000,1920p,5.9,9.4
2024-09-18 02:51:32,0.7,0,926.4830017089844,6096000,461000,1920p,5.9,8.9
2024-09-18 02:51:34,1.0,1,926.8230016231537,6096000,461000,1920p,5.9,9.8
2024-09-18 02:51:35,1.0,1,926.9560015201569,6096000,461000,1920p,5.9,1
2024-09-18 02:51:36,1.0,0,926.9560015201569,6096000,461000,1920p,5.9,1
2024-09-18 02:51:41,1.0,1,930.5830013751984,6096000,461000,1920p,5.9,1.1
2024-09-18 02:51:44,1.0,1,932.7710013389587,6096000,461000,1920p,5.9,1.1
2024-09-18 02:51:45,0.8,0,932.7710013389587,6096000,461000,1920p,5.9,1.1
2024-09-18 02:51:46,1.0,0,932.7710013389587,6096000,461000,1920p,5.9,1.1
2024-09-18 02:51:47,0.6,0,932.7710013389587,6096000,461000,1920p,5.9,1.1
2024-09-18 02:51:49,1.0,1,933.5330011844635,6096000,461000,1920p,5.9,1.1
2024-09-18 02:51:50,1.0,0,933.5330011844635,6096000,461000,1920p,5.9,1.1
2024-09-18 02:51:51,1.0,0,933.5330011844635,6096000,461000,1920p,5.9,1.1
2024-09-18 02:51:52,0.3,0,933.5330011844635,6096000,461000,1920p,5.9,1.1
2024-09-18 02:51:54,1.0,1,934.3010013103485,6096000,461000,1920p,5.9,1.1
2024-09-18 02:51:55,1.0,0,934.3010013103485,6096000,461000,1920p,5.9,1.1
2024-09-18 02:51:56,1.0,0,934.3010013103485,6096000,461000,1920p,5.9,1.1
2024-09-18 02:52:02,1.0,1,938.8110013008118,6096000,461000,1920p,5.9,1.1
2024-09-18 02:52:05,1.0,1,940.8230011463165,6096000,461000,1920p,5.9,1
2024-09-18 02:52:06,1.0,0,940.8230011463165,6096000,461000,1920p,5.9,1
2024-09-18 02:52:07,1.0,0,940.8230011463165,6096000,461000,1920p,5.9,1.1
2024-09-18 02:52:08,1.0,0,940.8230011463165,6096000,461000,1920p,5.9,1.1
2024-09-18 02:52:09,1.0,0,940.8230011463165,6096000,461000,1920p,5.9,9.9
2024-09-18 02:52:10,0.9,0,940.8230011463165,6096000,461000,1920p,5.9,9.9
2024-09-18 02:52:12,1.0,1,941.4720010757446,6096000,461000,1920p,5.9,9.7
2024-09-18 02:52:13,0.6,0,941.4720010757446,6096000,461000,1920p,5.9,9.7
2024-09-18 02:52:18,1.0,1,946.5750012397766,6096000,461000,1920p,5.9,9.1
2024-09-18 02:52:20,1.0,1,947.5760011672974,6096000,461000,1920p,5.9,9.9
2024-09-18 02:52:21,1.0,0,947.5760011672974,6096000,461000,1920p,5.9,9.9
2024-09-18 02:52:23,1.0,1,948.3230011463165,6096000,461000,1920p,5.9,9.7
2024-09-18 02:52:24,0.9,0,948.3230011463165,6096000,461000,1920p,5.9,9.7
2024-09-18 02:52:26,1.0,1,948.5920011997223,6096000,461000,1920p,5.9,9.7
2024-09-18 02:52:27,0.8,0,948.5920011997223,6096000,461000,1920p,5.9,9.7
2024-09-18 02:52:31,1.0,1,952.7130010128021,6096000,461000,1920p,5.9,7.8
2024-09-18 02:52:35,1.0,1,955.234001159668,6096000,461000,1920p,5.9,7.2
2024-09-18 02:52:36,1.0,0,955.234001159668,6096000,461000,1920p,5.9,7.1
2024-09-18 02:52:43,1.0,1,961.196001291275,6096000,461000,1920p,5.9,7.3
2024-09-18 02:52:46,1.0,1,962.8330013751984,6096000,461000,1920p,5.9,7.6
2024-09-18 02:52:47,0.8,0,962.8330013751984,6096000,461000,1920p,5.9,7.6
2024-09-18 02:52:52,1.0,1,968.1020014286041,4596000,6096000,1920p,4.4,5.3
2024-09-18 02:53:01,0.2,1,976.1890015602112,6096000,4596000,1920p,5.9,6.1
2024-09-18 02:53:03,1.0,1,977.1220014095306,6096000,4596000,1920p,5.9,8.2
2024-09-18 02:53:08,1.0,1,981.7750015258789,3096000,6096000,1280p,3,5.6
2024-09-18 02:53:15,0.0,1,988.9680016040802,3096000,6096000,1280p,3,4.8
2024-09-18 02:53:18,1.0,1,990.5640015602112,3096000,6096000,1280p,3,4.9
2024-09-18 02:53:19,1.0,0,990.62300157547,3096000,6096000,1280p,3,3.9
2024-09-18 02:53:20,0.7,0,990.62300157547,3096000,6096000,1280p,3,3.9
2024-09-18 02:53:22,1.0,1,991.163001537323,3096000,6096000,1280p,3,4.5
2024-09-18 02:53:23,0.6,0,991.163001537323,3096000,6096000,1280p,3,4.5
2024-09-18 02:53:28,1.0,1,996.1160016059875,3096000,6096000,1280p,3,4.4
2024-09-18 02:53:31,1.0,1,998.0970015525818,3096000,6096000,1280p,3,4.7
2024-09-18 02:53:32,1.0,0,998.0970015525818,3096000,6096000,1280p,3,5.3
2024-09-18 02:53:33,1.0,0,998.0970015525818,3096000,6096000,1280p,3,5.3
2024-09-18 02:53:34,0.9,0,998.0970015525818,3096000,6096000,1280p,3,5.8
2024-09-18 02:53:36,1.0,0,998.0970015525818,3096000,6096000,1280p,3,5.7
2024-09-18 02:53:37,0.8,0,998.0970015525818,3096000,6096000,1280p,3,5.7
2024-09-18 02:53:38,1.0,1,998.618001461029,3096000,6096000,1280p,3,5.7
2024-09-18 02:53:39,0.7,0,998.618001461029,3096000,6096000,1280p,3,5.7
2024-09-18 02:53:46,1.0,1,1004.6750013828278,4596000,3096000,1920p,4.4,5.9
2024-09-18 02:53:53,0.2,1,1011.6250014305115,4596000,3096000,1920p,4.4,6.3
2024-09-18 02:53:54,1.0,1,1011.9110014438629,4596000,3096000,1920p,4.4,6.5
2024-09-18 02:53:55,1.0,0,1011.9110014438629,4596000,3096000,1920p,4.4,6.6
2024-09-18 02:53:56,1.0,0,1011.9110014438629,4596000,3096000,1920p,4.4,6.6
2024-09-18 02:53:58,1.0,1,1012.6340012550354,6096000,4596000,1920p,5.9,6.8
2024-09-18 02:53:59,0.8,0,1012.6340012550354,6096000,4596000,1920p,5.9,6.9
2024-09-18 02:54:03,1.0,1,1016.0720012187958,1196000,6096000,768p,1.1,4.3
2024-09-18 02:54:05,1.0,1,1017.6020011901855,1196000,6096000,768p,1.1,4.1
2024-09-18 02:54:06,1.0,0,1017.6020011901855,1196000,6096000,768p,1.1,4.1
2024-09-18 02:54:07,1.0,0,1017.6030011177063,3096000,1196000,1280p,3,4.2
2024-09-18 02:54:09,1.0,0,1017.6030011177063,3096000,1196000,1280p,3,4.2
2024-09-18 02:54:15,1.0,1,1023.064001083374,3096000,1196000,1280p,3,5.3
2024-09-18 02:54:18,1.0,1,1024.9170010089874,4596000,3096000,1920p,4.4,5.2
2024-09-18 02:54:19,1.0,0,1024.9170010089874,4596000,3096000,1920p,4.4,5.2
2024-09-18 02:54:21,1.0,1,1026.0800008773804,4596000,3096000,1920p,4.4,5.3
2024-09-18 02:54:22,1.0,0,1026.0800008773804,4596000,3096000,1920p,4.4,5.3
2024-09-18 02:54:23,1.0,0,1026.133001089096,4596000,3096000,1920p,4.4,5.6
2024-09-18 02:54:24,0.9,0,1026.133001089096,4596000,3096000,1920p,4.4,5.6
2024-09-18 02:54:29,1.0,1,1030.0410010814667,4596000,3096000,1920p,4.4,6.6
2024-09-18 02:54:33,1.0,1,1032.4890010356903,4596000,3096000,1920p,4.4,6.4
2024-09-18 02:54:34,0.9,0,1032.4890010356903,6096000,4596000,1920p,5.9,6.4
2024-09-18 02:54:36,1.0,1,1033.2620010375977,6096000,4596000,1920p,5.9,6.3
2024-09-18 02:54:37,0.8,0,1033.2620010375977,6096000,4596000,1920p,5.9,6.2
2024-09-18 02:54:43,1.0,1,1038.9470009803772,6096000,4596000,1920p,5.9,6.6
2024-09-18 02:54:55,0.8,1,1051.5500009059906,3096000,6096000,1280p,3,3.2
2024-09-18 02:54:59,1.0,1,1053.6240010261536,3096000,6096000,1280p,3,4
2024-09-18 02:55:00,0.6,0,1053.6240010261536,3096000,6096000,1280p,3,4.7
2024-09-18 02:55:01,1.0,0,1053.6240010261536,3096000,6096000,1280p,3,4.7
2024-09-18 02:55:02,0.5,0,1053.6240010261536,3096000,6096000,1280p,3,4.9
2024-09-18 02:55:03,1.0,1,1053.6750009059906,3096000,6096000,1280p,3,4.9
2024-09-18 02:55:04,0.4,0,1053.6750009059906,3096000,6096000,1280p,3,4.8
2024-09-18 02:55:06,1.0,1,1054.102000951767,3096000,6096000,1280p,3,5.1
2024-09-18 02:55:07,1.0,1,1054.4040009975433,3096000,6096000,1280p,3,5.1
2024-09-18 02:55:08,1.0,0,1054.4040009975433,3096000,6096000,1280p,3,5.1
2024-09-18 02:55:09,1.0,1,1054.7010009288788,4596000,3096000,1920p,4.4,4.2
2024-09-18 02:55:10,1.0,0,1054.7010009288788,4596000,3096000,1920p,4.4,4.2
2024-09-18 02:55:16,1.0,1,1059.7140009403229,4596000,3096000,1920p,4.4,5.2
2024-09-18 02:55:20,1.0,1,1061.8180010318756,4596000,3096000,1920p,4.4,5.5
2024-09-18 02:55:21,1.0,0,1061.8180010318756,4596000,3096000,1920p,4.4,5.4
2024-09-18 02:55:22,1.0,0,1061.8180010318756,4596000,3096000,1920p,4.4,5.8
2024-09-18 02:55:23,0.9,0,1061.8180010318756,4596000,3096000,1920p,4.4,5.8
2024-09-18 02:55:27,1.0,1,1065.5780010223389,6096000,4596000,1920p,5.9,6.4
2024-09-18 02:55:43,0.9,1,1081.3460009098053,6096000,4596000,1920p,5.9,6
2024-09-18 02:55:50,1.0,1,1088.1210010051727,4596000,6096000,1920p,4.4,6.8
2024-09-18 02:55:58,0.5,1,1096.2380011081696,6096000,4596000,1920p,5.9,6.4
2024-09-18 02:56:12,0.0,1,1110.9570009708405,3096000,6096000,1280p,3,5.8
2024-09-18 02:56:19,0.8,1,1116.7790009975433,4596000,3096000,1920p,4.4,5.7
2024-09-18 02:56:25,1.0,1,1122.5470008850098,4596000,3096000,1920p,4.4,5.9
2024-09-18 02:56:29,1.0,1,1124.7770009040833,4596000,3096000,1920p,4.4,6
2024-09-18 02:56:30,1.0,0,1124.7770009040833,4596000,3096000,1920p,4.4,6
2024-09-18 02:56:31,0.3,0,1124.8080008029938,4596000,3096000,1920p,4.4,6.1
2024-09-18 02:56:32,1.0,1,1125.1030008792877,4596000,3096000,1920p,4.4,5.8
2024-09-18 02:56:33,1.0,1,1125.3040008544922,4596000,3096000,1920p,4.4,6.2
2024-09-18 02:56:34,1.0,0,1125.3040008544922,4596000,3096000,1920p,4.4,6.2
2024-09-18 02:56:40,1.0,1,1130.1860008239746,2096000,4596000,960p,2,5.4
2024-09-18 02:56:43,1.0,1,1131.9490008354187,2096000,4596000,960p,2,5.1
2024-09-18 02:56:44,1.0,0,1131.9490008354187,4596000,2096000,1920p,4.4,5.1
2024-09-18 02:56:52,1.0,1,1139.7660009860992,2096000,4596000,960p,2,3.1
2024-09-18 02:56:58,1.0,1,1144.8850009441376,2096000,4596000,960p,2,3.8
2024-09-18 02:56:59,1.0,0,1144.8850009441376,2096000,4596000,960p,2,3.8
2024-09-18 02:57:00,1.0,0,1144.8850009441376,2096000,4596000,960p,2,4.1
2024-09-18 02:57:01,0.9,0,1144.8850009441376,3096000,2096000,1280p,3,4.1
2024-09-18 02:57:02,1.0,1,1145.365000963211,3096000,2096000,1280p,3,4.2
2024-09-18 02:57:03,0.8,0,1145.365000963211,3096000,2096000,1280p,3,4.7
2024-09-18 02:57:05,1.0,1,1146.118000984192,3096000,2096000,1280p,3,4.4
2024-09-18 02:57:06,0.6,0,1146.118000984192,3096000,2096000,1280p,3,4.3
2024-09-18 02:57:08,1.0,1,1146.39400100708,3096000,2096000,1280p,3,4.5
2024-09-18 02:57:09,1.0,0,1146.39400100708,4596000,3096000,1920p,4.4,5
2024-09-18 02:57:10,1.0,0,1146.39400100708,4596000,3096000,1920p,4.4,5
2024-09-18 02:57:16,1.0,1,1151.4590010643005,4596000,3096000,1920p,4.4,5.6
2024-09-18 02:57:19,1.0,1,1153.4620010852814,6096000,4596000,1920p,5.9,6.2
2024-09-18 02:57:20,1.0,0,1153.4620010852814,6096000,4596000,1920p,5.9,6.2
2024-09-18 02:57:34,1.0,1,1166.854001045227,6096000,4596000,1920p,5.9,5.6
2024-09-18 02:57:41,0.8,1,1173.3340010643005,4596000,6096000,1920p,4.4,6.4
2024-09-18 02:57:50,1.0,1,1181.807000875473,6096000,4596000,1920p,5.9,5
2024-09-18 02:58:19,0.8,1,1211.3110008239746,1196000,4596000,768p,1.1,2.1
2024-09-18 02:58:24,1.0,1,1215.6860008239746,1196000,4596000,768p,1.1,2.3
2024-09-18 02:58:28,1.0,1,1218.4170007705688,1196000,4596000,768p,1.1,1.9
2024-09-18 02:58:29,1.0,0,1218.4170007705688,1196000,4596000,768p,1.1,1.9
2024-09-18 02:58:30,0.5,0,1218.4170007705688,1196000,4596000,768p,1.1,1.9
2024-09-18 02:58:34,1.0,1,1222.5370008945465,1196000,4596000,768p,1.1,3.4
2024-09-18 02:58:37,1.0,1,1224.0000009536743,1196000,4596000,768p,1.1,3.9
2024-09-18 02:58:38,0.9,0,1224.0000009536743,1196000,4596000,768p,1.1,3.9
2024-09-18 02:58:39,1.0,1,1224.3190009593964,1196000,4596000,768p,1.1,4
2024-09-18 02:58:40,0.8,0,1224.3190009593964,1196000,4596000,768p,1.1,4.8
2024-09-18 02:58:41,1.0,1,1224.3600008487701,1196000,4596000,768p,1.1,4.9
2024-09-18 02:58:42,1.0,0,1224.3600008487701,4596000,1196000,1920p,4.4,5.9
2024-09-18 02:58:43,1.0,0,1224.3600008487701,4596000,1196000,1920p,4.4,5.9
2024-09-18 02:58:44,1.0,0,1224.3600008487701,4596000,1196000,1920p,4.4,8.5
2024-09-18 02:58:45,1.0,0,1224.3600008487701,4596000,1196000,1920p,4.4,8.5
2024-09-18 02:58:47,0.4,0,1224.3600008487701,4596000,1196000,1920p,4.4,8.5
2024-09-18 02:58:48,1.0,1,1225.0670006275177,4596000,1196000,1920p,4.4,8.4
2024-09-18 02:58:54,1.0,1,1230.0610008239746,6096000,4596000,1920p,5.9,7.8
2024-09-18 02:58:58,1.0,1,1232.3780007362366,6096000,4596000,1920p,5.9,8.3
2024-09-18 02:58:59,1.0,0,1232.3780007362366,6096000,4596000,1920p,5.9,8
2024-09-18 02:59:00,1.0,1,1232.5780007839203,6096000,4596000,1920p,5.9,8.9
2024-09-18 02:59:01,0.9,0,1232.5780007839203,6096000,4596000,1920p,5.9,8.9
2024-09-18 02:59:06,1.0,1,1236.9630007743835,6096000,4596000,1920p,5.9,8.9
2024-09-18 02:59:10,1.0,1,1239.1690006256104,6096000,4596000,1920p,5.9,8.9
2024-09-18 02:59:11,1.0,0,1239.1690006256104,6096000,4596000,1920p,5.9,8.9
2024-09-18 02:59:17,1.0,1,1244.659000635147,6096000,4596000,1920p,5.9,8.6
2024-09-18 02:59:20,1.0,1,1246.5950005054474,6096000,4596000,1920p,5.9,8.7
2024-09-18 02:59:21,0.9,0,1246.5950005054474,6096000,4596000,1920p,5.9,8.7
2024-09-18 02:59:27,1.0,1,1251.5640003681183,6096000,4596000,1920p,5.9,8.3
2024-09-18 02:59:29,1.0,1,1252.6830005645752,6096000,4596000,1920p,5.9,8.9
2024-09-18 02:59:30,0.9,0,1252.6830005645752,6096000,4596000,1920p,5.9,8.9
2024-09-18 02:59:32,1.0,1,1253.713000535965,6096000,4596000,1920p,5.9,8.7
2024-09-18 02:59:33,0.7,0,1253.713000535965,6096000,4596000,1920p,5.9,8.7
2024-09-18 02:59:34,1.0,0,1253.713000535965,6096000,4596000,1920p,5.9,9.2
2024-09-18 02:59:35,0.6,0,1253.713000535965,1196000,6096000,768p,1.1,1.4
2024-09-18 02:59:39,1.0,1,1257.362000465393,1196000,6096000,768p,1.1,2
2024-09-18 02:59:42,1.0,1,1258.8680005073547,1196000,6096000,768p,1.1,2.3
2024-09-18 02:59:43,1.0,0,1258.8680005073547,1196000,6096000,768p,1.1,2.3
2024-09-18 02:59:44,1.0,1,1259.090000629425,2096000,1196000,960p,2,2.6
2024-09-18 02:59:45,1.0,0,1259.090000629425,2096000,1196000,960p,2,3.5
2024-09-18 02:59:46,1.0,0,1259.090000629425,2096000,1196000,960p,2,3.5
2024-09-18 02:59:47,0.8,0,1259.090000629425,2096000,1196000,960p,2,3.6
2024-09-18 02:59:49,1.0,1,1259.5650005340576,2096000,1196000,960p,2,3.8
2024-09-18 02:59:50,0.6,0,1259.5650005340576,2096000,1196000,960p,2,3.9
2024-09-18 02:59:52,1.0,1,1260.2390005588531,2096000,1196000,960p,2,3.2
2024-09-18 02:59:53,0.4,0,1260.2390005588531,2096000,1196000,960p,2,2.7
2024-09-18 02:59:54,1.0,1,1260.3140006065369,2096000,1196000,960p,2,2.9
2024-09-18 02:59:55,1.0,1,1260.3550004959106,2096000,1196000,960p,2,3.2
2024-09-18 02:59:56,1.0,0,1260.3550004959106,2096000,1196000,960p,2,3.2
2024-09-18 02:59:58,1.0,0,1260.436000585556,2096000,1196000,960p,2,3.4
2024-09-18 02:59:59,1.0,0,1260.436000585556,2096000,1196000,960p,2,3.6
2024-09-18 03:00:00,1.0,0,1260.436000585556,2096000,1196000,960p,2,3.6
2024-09-18 03:00:01,0.7,0,1260.436000585556,3096000,2096000,1280p,3,3.6
2024-09-18 03:00:03,1.0,1,1260.8200006484985,3096000,2096000,1280p,3,3.2
2024-09-18 03:00:04,0.4,0,1260.8200006484985,3096000,2096000,1280p,3,3.3
2024-09-18 03:00:08,1.0,1,1265.2860007286072,3096000,2096000,1280p,3,4.3
2024-09-18 03:00:11,1.0,1,1267.026000738144,3096000,2096000,1280p,3,4.6
2024-09-18 03:00:12,1.0,0,1267.026000738144,3096000,2096000,1280p,3,4.6
2024-09-18 03:00:13,1.0,0,1267.026000738144,3096000,2096000,1280p,3,4.7
2024-09-18 03:00:14,0.9,0,1267.026000738144,3096000,2096000,1280p,3,4.7
2024-09-18 03:00:16,1.0,1,1267.4220006465912,3096000,2096000,1280p,3,4.8
2024-09-18 03:00:17,1.0,0,1267.4220006465912,3096000,2096000,1280p,3,5
2024-09-18 03:00:18,1.0,0,1267.4220006465912,3096000,2096000,1280p,3,5
2024-09-18 03:00:19,0.5,0,1267.4220006465912,3096000,2096000,1280p,3,3
2024-09-18 03:00:20,1.0,1,1267.662000656128,3096000,2096000,1280p,3,4.1
2024-09-18 03:00:21,0.4,0,1267.7060008049011,3096000,2096000,1280p,3,4.1
2024-09-18 03:00:23,1.0,1,1267.9900007247925,3096000,2096000,1280p,3,4.5
2024-09-18 03:00:24,1.0,1,1268.1090006828308,3096000,2096000,1280p,3,4.3
2024-09-18 03:00:25,1.0,0,1268.1090006828308,3096000,2096000,1280p,3,4.3
2024-09-18 03:00:30,1.0,1,1272.2850008010864,3096000,2096000,1280p,3,4.5
2024-09-18 03:00:33,1.0,1,1274.3280007839203,3096000,2096000,1280p,3,4.7
2024-09-18 03:00:34,1.0,0,1274.3280007839203,3096000,2096000,1280p,3,4.7
2024-09-18 03:00:36,1.0,1,1274.883000612259,4596000,3096000,1920p,4.4,4.9
2024-09-18 03:00:37,0.9,0,1274.883000612259,4596000,3096000,1920p,4.4,4.8
2024-09-18 03:00:42,1.0,1,1279.6220004558563,4596000,3096000,1920p,4.4,6
2024-09-18 03:00:45,1.0,1,1281.378000497818,4596000,3096000,1920p,4.4,6.3
2024-09-18 03:00:46,1.0,0,1281.378000497818,4596000,3096000,1920p,4.4,6.3
2024-09-18 03:00:51,1.0,1,1284.7900004386902,1196000,4596000,768p,1.1,2.4
2024-09-18 03:00:53,1.0,1,1286.4510004520416,1196000,4596000,768p,1.1,2.7
2024-09-18 03:00:54,1.0,0,1286.4510004520416,1196000,4596000,768p,1.1,2.7
2024-09-18 03:00:56,1.0,0,1286.4510004520416,1196000,4596000,768p,1.1,2.7
2024-09-18 03:00:57,0.9,0,1286.4510004520416,1196000,4596000,768p,1.1,2.7
2024-09-18 03:00:58,1.0,1,1286.7700004577637,2096000,1196000,960p,2,2.9
2024-09-18 03:00:59,0.8,0,1286.7700004577637,2096000,1196000,960p,2,3
2024-09-18 03:01:00,1.0,1,1287.0460004806519,2096000,1196000,960p,2,3.3
2024-09-18 03:01:01,0.7,0,1287.0460004806519,2096000,1196000,960p,2,3.4
2024-09-18 03:01:03,1.0,1,1287.7720005512238,2096000,1196000,960p,2,3.6
2024-09-18 03:01:04,0.5,0,1287.7720005512238,2096000,1196000,960p,2,3.6
2024-09-18 03:01:06,1.0,1,1288.128000497818,3096000,2096000,1280p,3,4
2024-09-18 03:01:12,1.0,1,1293.2070004940033,3096000,2096000,1280p,3,4.9
2024-09-18 03:01:15,1.0,1,1294.7880005836487,4596000,3096000,1920p,4.4,5.1
2024-09-18 03:01:16,0.9,0,1294.7880005836487,4596000,3096000,1920p,4.4,5.1
2024-09-18 03:01:17,1.0,1,1295.0930006504059,4596000,3096000,1920p,4.4,5.8
2024-09-18 03:01:18,0.8,0,1295.0930006504059,4596000,3096000,1920p,4.4,5.8
2024-09-18 03:01:20,1.0,1,1295.7590005397797,4596000,3096000,1920p,4.4,5.4
2024-09-18 03:01:21,0.6,0,1295.7590005397797,4596000,3096000,1920p,4.4,5.2
2024-09-18 03:01:25,1.0,1,1299.2850005626678,4596000,3096000,1920p,4.4,6.8
2024-09-18 03:01:28,1.0,1,1301.4830005168915,4596000,3096000,1920p,4.4,7.5
2024-09-18 03:01:29,0.9,0,1301.4830005168915,6096000,4596000,1920p,5.9,7.5
2024-09-18 03:01:31,1.0,1,1302.2610003948212,6096000,4596000,1920p,5.9,6.5
2024-09-18 03:01:32,0.8,0,1302.2610003948212,6096000,4596000,1920p,5.9,7.2
2024-09-18 03:01:33,1.0,0,1302.2610003948212,6096000,4596000,1920p,5.9,7.3
2024-09-18 03:01:35,0.7,0,1302.2610003948212,6096000,4596000,1920p,5.9,8
2024-09-18 03:01:36,1.0,0,1302.2610003948212,6096000,4596000,1920p,5.9,7.9
2024-09-18 03:01:37,0.5,0,1302.2610003948212,6096000,4596000,1920p,5.9,7.9
2024-09-18 03:01:39,1.0,1,1303.0280003547668,6096000,4596000,1920p,5.9,8.5
2024-09-18 03:01:40,1.0,0,1303.0280003547668,6096000,4596000,1920p,5.9,8.1
2024-09-18 03:01:41,1.0,0,1303.0280003547668,6096000,4596000,1920p,5.9,8.1
2024-09-18 03:01:42,0.3,1,1303.0600001811981,6096000,4596000,1920p,5.9,7.5
2024-09-18 03:01:47,1.0,1,1307.9190003871918,6096000,4596000,1920p,5.9,8.3
2024-09-18 03:01:50,1.0,1,1309.8200001716614,6096000,4596000,1920p,5.9,8.6
2024-09-18 03:01:51,0.9,0,1309.8200001716614,4596000,6096000,1920p,4.4,5.5
2024-09-18 03:01:55,1.0,1,1313.1250002384186,4596000,6096000,1920p,4.4,1.1
2024-09-18 03:01:58,1.0,1,1315.1990003585815,4596000,6096000,1920p,4.4,1
2024-09-18 03:01:59,1.0,0,1315.1990003585815,6096000,4596000,1920p,5.9,1.1
2024-09-18 03:02:00,1.0,0,1315.1990003585815,6096000,4596000,1920p,5.9,1.1
2024-09-18 03:02:01,0.9,0,1315.1990003585815,6096000,4596000,1920p,5.9,9.7
2024-09-18 03:02:03,1.0,1,1315.978000164032,6096000,4596000,1920p,5.9,1
2024-09-18 03:02:04,0.8,0,1315.978000164032,6096000,4596000,1920p,5.9,1
2024-09-18 03:02:06,1.0,1,1316.6660001277924,6096000,4596000,1920p,5.9,9.6
2024-09-18 03:02:07,0.5,0,1316.6660001277924,6096000,4596000,1920p,5.9,8.9
2024-09-18 03:02:09,1.0,1,1317.2490000724792,6096000,4596000,1920p,5.9,9.4
2024-09-18 03:02:10,1.0,0,1317.2490000724792,6096000,4596000,1920p,5.9,9.7
2024-09-18 03:02:11,1.0,0,1317.2490000724792,6096000,4596000,1920p,5.9,9.7
2024-09-18 03:02:17,1.0,1,1322.1860001087189,6096000,4596000,1920p,5.9,8.8
2024-09-18 03:02:19,1.0,1,1323.5299999713898,6096000,4596000,1920p,5.9,9.4
2024-09-18 03:02:20,1.0,0,1323.5299999713898,6096000,4596000,1920p,5.9,9.9
2024-09-18 03:02:22,1.0,0,1323.5299999713898,6096000,4596000,1920p,5.9,9.1
2024-09-18 03:02:23,1.0,0,1323.5299999713898,6096000,4596000,1920p,5.9,7.8
2024-09-18 03:02:24,1.0,0,1323.5299999713898,6096000,4596000,1920p,5.9,7.8
2024-09-18 03:02:25,0.7,0,1323.5299999713898,6096000,4596000,1920p,5.9,7.8
2024-09-18 03:02:27,1.0,1,1324.273999929428,6096000,4596000,1920p,5.9,8
2024-09-18 03:02:28,0.5,0,1324.273999929428,6096000,4596000,1920p,5.9,7.5
2024-09-18 03:02:33,1.0,1,1329.2990000247955,6096000,4596000,1920p,5.9,7.1
2024-09-18 03:02:36,1.0,1,1331.3860001564026,6096000,4596000,1920p,5.9,7.5
2024-09-18 03:02:37,1.0,0,1331.3860001564026,6096000,4596000,1920p,5.9,7.3
2024-09-18 03:02:38,1.0,0,1331.3860001564026,6096000,4596000,1920p,5.9,8
2024-09-18 03:02:39,1.0,0,1331.3860001564026,6096000,4596000,1920p,5.9,8
2024-09-18 03:02:45,1.0,1,1336.1350002288818,6096000,4596000,1920p,5.9,8
2024-09-18 03:02:52,0.1,1,1343.7830002307892,6096000,4596000,1920p,5.9,6.2
2024-09-18 03:02:55,1.0,1,1345.6210000514984,6096000,4596000,1920p,5.9,6.8
2024-09-18 03:03:00,1.0,1,1349.7000000476837,6096000,4596000,1920p,5.9,7.2
2024-09-18 03:03:03,1.0,1,1351.6970000267029,6096000,4596000,1920p,5.9,7.4
2024-09-18 03:03:04,1.0,0,1351.6970000267029,6096000,4596000,1920p,5.9,7.4
2024-09-18 03:03:06,1.0,1,1352.236999988556,6096000,4596000,1920p,5.9,7.7
2024-09-18 03:03:07,1.0,0,1352.236999988556,6096000,4596000,1920p,5.9,7.7
2024-09-18 03:03:13,1.0,1,1358.0920000076294,6096000,4596000,1920p,5.9,1.1
2024-09-18 03:03:21,1.0,1,1365.989000082016,6096000,4596000,1920p,5.9,1
2024-09-18 03:03:22,1.0,0,1365.989000082016,6096000,4596000,1920p,5.9,1
2024-09-18 03:03:24,1.0,1,1366.5859999656677,6096000,4596000,1920p,5.9,1
2024-09-18 03:03:25,0.8,0,1366.5859999656677,6096000,4596000,1920p,5.9,1
2024-09-18 03:03:29,1.0,1,1370.305999994278,6096000,4596000,1920p,5.9,1
2024-09-18 03:03:33,1.0,1,1372.460000038147,6096000,4596000,1920p,5.9,1
2024-09-18 03:03:34,1.0,0,1372.460000038147,6096000,4596000,1920p,5.9,1
2024-09-18 03:03:35,1.0,1,1372.8180000782013,6096000,4596000,1920p,5.9,1
2024-09-18 03:03:37,1.0,0,1372.8180000782013,6096000,4596000,1920p,5.9,1.1
2024-09-18 03:03:38,1.0,0,1372.8180000782013,6096000,4596000,1920p,5.9,1.1
2024-09-18 03:03:39,0.7,0,1372.8180000782013,6096000,4596000,1920p,5.9,1.1
2024-09-18 03:03:40,1.0,1,1373.683000087738,6096000,4596000,1920p,5.9,1
2024-09-18 03:03:42,0.6,0,1373.683000087738,6096000,4596000,1920p,5.9,1
2024-09-18 03:03:45,1.0,1,1377.090000152588,6096000,4596000,1920p,5.9,1
2024-09-18 03:03:49,1.0,1,1379.3750002384186,6096000,4596000,1920p,5.9,1
2024-09-18 03:03:50,1.0,0,1379.3750002384186,6096000,4596000,1920p,5.9,1
2024-09-18 03:03:51,1.0,1,1379.9080002307892,6096000,4596000,1920p,5.9,1
2024-09-18 03:03:52,1.0,0,1379.9080002307892,6096000,4596000,1920p,5.9,1
2024-09-18 03:03:54,1.0,1,1380.5620002746582,6096000,4596000,1920p,5.9,9.7
2024-09-18 03:03:55,0.9,0,1380.5620002746582,6096000,4596000,1920p,5.9,9.7
2024-09-18 03:03:59,1.0,1,1383.5400004386902,6096000,4596000,1920p,5.9,7.8
2024-09-18 03:04:02,1.0,1,1385.427000284195,6096000,4596000,1920p,5.9,8.6
2024-09-18 03:04:03,1.0,0,1385.427000284195,6096000,4596000,1920p,5.9,9.8
2024-09-18 03:04:04,1.0,0,1385.427000284195,6096000,4596000,1920p,5.9,9.8
2024-09-18 03:04:05,0.9,0,1385.427000284195,6096000,4596000,1920p,5.9,9.8
2024-09-18 03:04:07,1.0,1,1386.3610002994537,6096000,4596000,1920p,5.9,1
2024-09-18 03:04:08,0.6,0,1386.3610002994537,6096000,4596000,1920p,5.9,1
2024-09-18 03:04:10,1.0,1,1387.1600000858307,6096000,4596000,1920p,5.9,9.9
2024-09-18 03:04:11,0.5,0,1387.1600000858307,6096000,4596000,1920p,5.9,9.7
2024-09-18 03:04:13,1.0,1,1387.6940002441406,6096000,4596000,1920p,5.9,1
2024-09-18 03:04:17,1.0,1,1391.302000284195,6096000,4596000,1920p,5.9,7.5
2024-09-18 03:04:21,1.0,1,1393.7540001869202,6096000,4596000,1920p,5.9,8.5
2024-09-18 03:04:22,1.0,0,1393.7540001869202,6096000,4596000,1920p,5.9,8.5
2024-09-18 03:04:24,1.0,1,1394.529000043869,6096000,4596000,1920p,5.9,8.9
2024-09-18 03:04:25,0.9,0,1394.529000043869,6096000,4596000,1920p,5.9,8.9
2024-09-18 03:04:28,1.0,1,1397.3900003433228,6096000,4596000,1920p,5.9,1
2024-09-18 03:04:32,1.0,1,1399.983000278473,6096000,4596000,1920p,5.9,1
2024-09-18 03:04:33,1.0,0,1399.983000278473,6096000,4596000,1920p,5.9,9.9
2024-09-18 03:04:34,1.0,0,1399.983000278473,6096000,4596000,1920p,5.9,1
2024-09-18 03:04:35,0.9,0,1399.983000278473,6096000,4596000,1920p,5.9,1
2024-09-18 03:04:37,1.0,1,1400.7500002384186,6096000,4596000,1920p,5.9,1
2024-09-18 03:04:38,0.8,0,1400.7500002384186,6096000,4596000,1920p,5.9,1
2024-09-18 03:04:40,1.0,1,1401.0440003871918,6096000,4596000,1920p,5.9,1
2024-09-18 03:04:41,0.7,0,1401.0440003871918,6096000,4596000,1920p,5.9,1
2024-09-18 03:04:43,1.0,1,1401.8280005455017,6096000,4596000,1920p,5.9,9.9
2024-09-18 03:04:44,0.6,0,1401.8280005455017,6096000,4596000,1920p,5.9,9.6
2024-09-18 03:04:48,1.0,1,1406.4740006923676,6096000,4596000,1920p,5.9,9.5
2024-09-18 03:04:52,1.0,1,1408.563000679016,6096000,4596000,1920p,5.9,9.6
2024-09-18 03:04:53,1.0,0,1408.563000679016,6096000,4596000,1920p,5.9,9.6
2024-09-18 03:04:55,1.0,1,1409.2240006923676,6096000,4596000,1920p,5.9,9.4
2024-09-18 03:04:56,0.9,0,1409.2240006923676,6096000,4596000,1920p,5.9,9.4
2024-09-18 03:04:59,1.0,1,1412.6020007133484,6096000,4596000,1920p,5.9,9.6
2024-09-18 03:05:03,1.0,1,1414.8780007362366,6096000,4596000,1920p,5.9,8.2
2024-09-18 03:05:04,1.0,0,1414.8780007362366,6096000,4596000,1920p,5.9,8.2
2024-09-18 03:05:06,1.0,1,1415.3760006427765,6096000,4596000,1920p,5.9,8.7
2024-09-18 03:05:07,0.8,0,1415.3760006427765,6096000,4596000,1920p,5.9,8.8
2024-09-18 03:05:09,1.0,1,1416.0510005950928,6096000,4596000,1920p,5.9,8.8
2024-09-18 03:05:10,0.6,0,1416.0510005950928,6096000,4596000,1920p,5.9,8.9
2024-09-18 03:05:14,1.0,1,1420.0110006332397,6096000,4596000,1920p,5.9,5.1
2024-09-18 03:05:17,1.0,1,1422.1800005435944,4596000,6096000,1920p,4.4,6.1
2024-09-18 03:05:18,1.0,0,1422.1800005435944,4596000,6096000,1920p,4.4,6.1
2024-09-18 03:05:20,1.0,1,1423.1630005836487,4596000,6096000,1920p,4.4,6.4
2024-09-18 03:05:21,0.8,0,1423.1630005836487,4596000,6096000,1920p,4.4,6.4
2024-09-18 03:05:26,1.0,1,1426.7930006980896,4596000,6096000,1920p,4.4,7.7
2024-09-18 03:05:28,1.0,1,1428.6130006313324,4596000,6096000,1920p,4.4,7.8
2024-09-18 03:05:30,1.0,0,1428.6130006313324,6096000,4596000,1920p,5.9,1.2
2024-09-18 03:05:31,1.0,0,1428.6130006313324,6096000,4596000,1920p,5.9,1.2
2024-09-18 03:05:32,0.9,0,1428.6130006313324,6096000,4596000,1920p,5.9,9.3
2024-09-18 03:05:39,1.0,1,1435.1710004806519,6096000,4596000,1920p,5.9,8.8
2024-09-18 03:05:42,1.0,1,1437.44500041008,6096000,4596000,1920p,5.9,9.1
2024-09-18 03:05:43,1.0,0,1437.44500041008,6096000,4596000,1920p,5.9,9.9
2024-09-18 03:05:44,1.0,0,1437.44500041008,6096000,4596000,1920p,5.9,1
2024-09-18 03:05:45,1.0,0,1437.44500041008,6096000,4596000,1920p,5.9,1
2024-09-18 03:05:51,1.0,1,1442.19500041008,6096000,4596000,1920p,5.9,9.3
2024-09-18 03:05:54,1.0,1,1444.5240004062653,6096000,4596000,1920p,5.9,9.3
2024-09-18 03:05:55,1.0,0,1444.5240004062653,6096000,4596000,1920p,5.9,9.3
2024-09-18 03:06:00,1.0,1,1448.1000003814697,6096000,4596000,1920p,5.9,8.1
2024-09-18 03:06:03,1.0,1,1450.0800004005432,6096000,4596000,1920p,5.9,8.3
2024-09-18 03:06:04,1.0,0,1450.0800004005432,6096000,4596000,1920p,5.9,8.3
2024-09-18 03:06:06,1.0,1,1450.69700050354,6096000,4596000,1920p,5.9,8.3
2024-09-18 03:06:07,0.8,0,1450.69700050354,6096000,4596000,1920p,5.9,8.1
2024-09-18 03:06:08,1.0,1,1451.16300034523,6096000,4596000,1920p,5.9,8.4
2024-09-18 03:06:10,0.6,0,1451.16300034523,6096000,4596000,1920p,5.9,8
2024-09-18 03:06:14,1.0,1,1455.5320003032684,6096000,4596000,1920p,5.9,7.8
2024-09-18 03:06:17,1.0,1,1457.5830001831055,6096000,4596000,1920p,5.9,8.2
2024-09-18 03:06:18,1.0,0,1457.5830001831055,6096000,4596000,1920p,5.9,8.2
2024-09-18 03:06:20,1.0,1,1458.0170001983643,6096000,4596000,1920p,5.9,8.5
2024-09-18 03:06:21,1.0,0,1458.0170001983643,6096000,4596000,1920p,5.9,8.5
2024-09-18 03:06:26,1.0,1,1462.0250000953674,6096000,4596000,1920p,5.9,9.2
2024-09-18 03:06:29,1.0,1,1464.0759999752045,6096000,4596000,1920p,5.9,9.4
2024-09-18 03:06:30,1.0,0,1464.0759999752045,6096000,4596000,1920p,5.9,9.4
2024-09-18 03:06:31,1.0,1,1464.6029999256134,6096000,4596000,1920p,5.9,9.4
2024-09-18 03:06:32,1.0,0,1464.6029999256134,4596000,6096000,1920p,4.4,6
2024-09-18 03:06:38,1.0,1,1469.106999874115,4596000,6096000,1920p,4.4,6.9
2024-09-18 03:06:41,1.0,1,1471.3139998912811,6096000,4596000,1920p,5.9,7.3
2024-09-18 03:06:42,0.8,0,1471.3139998912811,6096000,4596000,1920p,5.9,9.1
2024-09-18 03:06:43,1.0,0,1471.3139998912811,6096000,4596000,1920p,5.9,6.9
2024-09-18 03:06:44,0.7,0,1471.3139998912811,6096000,4596000,1920p,5.9,6.9
2024-09-18 03:06:46,1.0,1,1471.8759999275208,6096000,4596000,1920p,5.9,7.5
2024-09-18 03:06:47,0.6,0,1471.8759999275208,6096000,4596000,1920p,5.9,7.6
2024-09-18 03:06:49,1.0,1,1472.6289999485016,6096000,4596000,1920p,5.9,8.3
2024-09-18 03:06:50,0.5,1,1472.659999847412,6096000,4596000,1920p,5.9,7.8
2024-09-18 03:06:54,1.0,1,1476.3939998149872,6096000,4596000,1920p,5.9,7.8
2024-09-18 03:06:56,1.0,1,1477.9319999217987,6096000,4596000,1920p,5.9,8.9
2024-09-18 03:06:57,1.0,0,1477.9319999217987,6096000,4596000,1920p,5.9,8.9
2024-09-18 03:06:59,1.0,1,1478.7199997901917,6096000,4596000,1920p,5.9,8
2024-09-18 03:07:00,1.0,0,1478.7199997901917,6096000,4596000,1920p,5.9,8
2024-09-18 03:07:02,1.0,1,1479.4229996204376,6096000,4596000,1920p,5.9,8.2
2024-09-18 03:07:03,1.0,0,1479.4229996204376,6096000,4596000,1920p,5.9,7.9
2024-09-18 03:07:04,1.0,0,1479.4229996204376,6096000,4596000,1920p,5.9,8.4
2024-09-18 03:07:05,0.8,0,1479.4229996204376,6096000,4596000,1920p,5.9,8.4
2024-09-18 03:07:11,1.0,1,1484.1699995994568,6096000,4596000,1920p,5.9,8.2
2024-09-18 03:07:13,1.0,1,1485.4469997882843,6096000,4596000,1920p,5.9,8.5
2024-09-18 03:07:14,1.0,0,1485.4469997882843,6096000,4596000,1920p,5.9,8.3
2024-09-18 03:07:15,1.0,0,1485.4469997882843,6096000,4596000,1920p,5.9,8.7
2024-09-18 03:07:16,1.0,0,1485.4469997882843,6096000,4596000,1920p,5.9,8.7
2024-09-18 03:07:18,1.0,1,1486.3089997768402,6096000,4596000,1920p,5.9,9
2024-09-18 03:07:19,0.8,0,1486.3089997768402,6096000,4596000,1920p,5.9,9
2024-09-18 03:07:25,1.0,1,1491.83699965477,6096000,4596000,1920p,5.9,9.3
2024-09-18 03:07:28,1.0,1,1493.7069997787476,6096000,4596000,1920p,5.9,9.4
2024-09-18 03:07:29,1.0,0,1493.7069997787476,6096000,4596000,1920p,5.9,9.4
2024-09-18 03:07:35,1.0,1,1498.4409997463226,6096000,4596000,1920p,5.9,8.7
2024-09-18 03:07:38,1.0,1,1500.7629997730255,6096000,4596000,1920p,5.9,8.8
2024-09-18 03:07:39,1.0,0,1500.7629997730255,6096000,4596000,1920p,5.9,8.8
2024-09-18 03:07:44,1.0,1,1504.4959998130798,6096000,4596000,1920p,5.9,9.7
2024-09-18 03:07:46,1.0,1,1505.5099999904633,6096000,4596000,1920p,5.9,1
2024-09-18 03:07:47,1.0,0,1505.5099999904633,6096000,4596000,1920p,5.9,1
2024-09-18 03:07:49,1.0,1,1506.5119998455048,6096000,4596000,1920p,5.9,9.8
2024-09-18 03:07:50,1.0,0,1506.5119998455048,6096000,4596000,1920p,5.9,9.8
2024-09-18 03:07:52,1.0,1,1507.2679998874664,6096000,4596000,1920p,5.9,8
2024-09-18 03:07:53,0.8,0,1507.2679998874664,6096000,4596000,1920p,5.9,8.2
2024-09-18 03:07:54,1.0,0,1507.2679998874664,6096000,4596000,1920p,5.9,8.9
2024-09-18 03:07:55,0.7,0,1507.2679998874664,6096000,4596000,1920p,5.9,8.9
2024-09-18 03:07:57,1.0,1,1508.048999786377,6096000,4596000,1920p,5.9,9
2024-09-18 03:07:58,0.6,0,1508.048999786377,6096000,4596000,1920p,5.9,9
2024-09-18 03:08:01,1.0,1,1510.6879997253418,6096000,4596000,1920p,5.9,9.7
2024-09-18 03:08:05,1.0,1,1513.255999803543,6096000,4596000,1920p,5.9,9.7
2024-09-18 03:08:06,1.0,0,1513.255999803543,6096000,4596000,1920p,5.9,9.7
2024-09-18 03:08:07,1.0,1,1513.7059998512268,6096000,4596000,1920p,5.9,9.6
2024-09-18 03:08:08,1.0,0,1513.7059998512268,6096000,4596000,1920p,5.9,9.6
2024-09-18 03:08:10,1.0,1,1514.71599984169,6096000,4596000,1920p,5.9,9.7
2024-09-18 03:08:11,0.9,0,1514.71599984169,6096000,4596000,1920p,5.9,9.7
2024-09-18 03:08:15,1.0,1,1517.4669997692108,6096000,4596000,1920p,5.9,9.9
2024-09-18 03:08:19,1.0,1,1520.5879998207092,6096000,4596000,1920p,5.9,9.9
2024-09-18 03:08:20,1.0,0,1520.5879998207092,6096000,4596000,1920p,5.9,9.9
2024-09-18 03:08:22,1.0,1,1521.2489998340607,6096000,4596000,1920p,5.9,9.9
2024-09-18 03:08:23,1.0,0,1521.2489998340607,6096000,4596000,1920p,5.9,9.9
2024-09-18 03:08:25,1.0,1,1522.0659999847412,6096000,4596000,1920p,5.9,9.7
2024-09-18 03:08:26,0.9,0,1522.0659999847412,6096000,4596000,1920p,5.9,9.7
2024-09-18 03:08:31,1.0,1,1526.7860000133514,6096000,4596000,1920p,5.9,9.5
2024-09-18 03:08:34,1.0,1,1528.8359999656677,6096000,4596000,1920p,5.9,9.3
2024-09-18 03:08:35,1.0,0,1528.8359999656677,6096000,4596000,1920p,5.9,9.3
2024-09-18 03:08:40,1.0,1,1533.0240001678467,6096000,4596000,1920p,5.9,9.4
2024-09-18 03:08:44,1.0,1,1535.1640000343323,6096000,4596000,1920p,5.9,9.5
2024-09-18 03:08:45,1.0,0,1535.1640000343323,6096000,4596000,1920p,5.9,9.5
2024-09-18 03:08:47,1.0,1,1535.9649999141693,6096000,4596000,1920p,5.9,9.5
2024-09-18 03:08:48,0.9,0,1535.9649999141693,6096000,4596000,1920p,5.9,1
2024-09-18 03:08:49,1.0,0,1535.9649999141693,6096000,4596000,1920p,5.9,1
2024-09-18 03:08:50,0.8,0,1535.9649999141693,6096000,4596000,1920p,5.9,1.1
2024-09-18 03:08:51,1.0,1,1536.1749999523163,6096000,4596000,1920p,5.9,6.3
2024-09-18 03:08:52,0.6,0,1536.1749999523163,6096000,4596000,1920p,5.9,5.8
2024-09-18 03:08:56,1.0,1,1539.3399999141693,6096000,4596000,1920p,5.9,9
2024-09-18 03:08:59,1.0,1,1541.5750000476837,6096000,4596000,1920p,5.9,9.2
2024-09-18 03:09:00,0.9,0,1541.5750000476837,6096000,4596000,1920p,5.9,1
2024-09-18 03:09:01,1.0,0,1541.5750000476837,6096000,4596000,1920p,5.9,1
2024-09-18 03:09:02,0.8,0,1541.5750000476837,6096000,4596000,1920p,5.9,1
2024-09-18 03:09:04,1.0,1,1542.3199999332428,6096000,4596000,1920p,5.9,8.6
2024-09-18 03:09:05,0.6,0,1542.3199999332428,6096000,4596000,1920p,5.9,8.6
2024-09-18 03:09:11,1.0,1,1548.1409997940063,4596000,6096000,1920p,4.4,7.3
2024-09-18 03:09:14,1.0,1,1550.0149998664856,4596000,6096000,1920p,4.4,7.2
2024-09-18 03:09:15,1.0,0,1550.0149998664856,4596000,6096000,1920p,4.4,7.2
2024-09-18 03:09:21,1.0,1,1555.4089999198914,6096000,4596000,1920p,5.9,8
2024-09-18 03:09:23,1.0,1,1556.2689998149872,6096000,4596000,1920p,5.9,9
2024-09-18 03:09:24,1.0,0,1556.2689998149872,6096000,4596000,1920p,5.9,9
2024-09-18 03:09:27,1.0,1,1557.3399999141693,6096000,4596000,1920p,5.9,9.1
2024-09-18 03:09:28,0.9,0,1557.3399999141693,6096000,4596000,1920p,5.9,9.1
2024-09-18 03:09:30,1.0,1,1559.5259997844696,6096000,4596000,1920p,5.9,1
2024-09-18 03:09:34,1.0,1,1561.8399999141693,6096000,4596000,1920p,5.9,1
2024-09-18 03:09:35,1.0,0,1561.8399999141693,6096000,4596000,1920p,5.9,1
2024-09-18 03:09:37,1.0,1,1563.1859998703003,6096000,4596000,1920p,5.9,9.5
2024-09-18 03:09:38,1.0,0,1563.1859998703003,6096000,4596000,1920p,5.9,9.5
2024-09-18 03:09:40,1.0,1,1563.7669999599457,6096000,4596000,1920p,5.9,9.8
2024-09-18 03:09:41,0.9,0,1563.7669999599457,6096000,4596000,1920p,5.9,9.8
2024-09-18 03:09:43,1.0,1,1564.5869998931885,6096000,4596000,1920p,5.9,9.6
2024-09-18 03:09:44,0.8,0,1564.5869998931885,6096000,4596000,1920p,5.9,8.9
2024-09-18 03:09:49,1.0,1,1568.9159998893738,6096000,4596000,1920p,5.9,8.3
2024-09-18 03:09:52,1.0,1,1571.0519998073578,6096000,4596000,1920p,5.9,8.8
2024-09-18 03:09:53,1.0,0,1571.0519998073578,6096000,4596000,1920p,5.9,8.8
2024-09-18 03:09:55,1.0,1,1571.5289998054504,6096000,4596000,1920p,5.9,8.9
2024-09-18 03:09:56,0.8,0,1571.5289998054504,6096000,4596000,1920p,5.9,8.9
2024-09-18 03:10:01,1.0,1,1575.9599997997284,6096000,4596000,1920p,5.9,8.7
2024-09-18 03:10:04,1.0,1,1578.2579996585846,6096000,4596000,1920p,5.9,1.4
2024-09-18 03:10:05,1.0,0,1578.2579996585846,6096000,4596000,1920p,5.9,7.9
2024-09-18 03:10:06,1.0,0,1578.2579996585846,6096000,4596000,1920p,5.9,1.2
2024-09-18 03:10:07,0.9,0,1578.2579996585846,6096000,4596000,1920p,5.9,1.2
2024-09-18 03:10:09,1.0,1,1578.7239997386932,6096000,4596000,1920p,5.9,1
2024-09-18 03:10:10,0.7,0,1578.7239997386932,6096000,4596000,1920p,5.9,1
2024-09-18 03:10:11,1.0,0,1578.7239997386932,6096000,4596000,1920p,5.9,1
2024-09-18 03:10:12,0.6,0,1578.7239997386932,6096000,4596000,1920p,5.9,7
2024-09-18 03:10:17,1.0,1,1583.3639996051788,6096000,4596000,1920p,5.9,8.5
2024-09-18 03:10:20,1.0,1,1584.950999736786,6096000,4596000,1920p,5.9,8.8
2024-09-18 03:10:21,1.0,0,1584.950999736786,6096000,4596000,1920p,5.9,8.8
2024-09-18 03:10:23,1.0,1,1586.0579996109009,6096000,4596000,1920p,5.9,9.1
2024-09-18 03:10:24,0.9,0,1586.0579996109009,6096000,4596000,1920p,5.9,9.1
2024-09-18 03:10:29,1.0,1,1590.6029996871948,6096000,4596000,1920p,5.9,8.7
2024-09-18 03:10:32,1.0,1,1592.5899996757507,6096000,4596000,1920p,5.9,8.5
2024-09-18 03:10:33,1.0,0,1592.5899996757507,6096000,4596000,1920p,5.9,8.5
2024-09-18 03:10:39,1.0,1,1597.8229994773865,6096000,4596000,1920p,5.9,8.7
2024-09-18 03:10:42,1.0,1,1599.9539995193481,6096000,4596000,1920p,5.9,8.9
2024-09-18 03:10:43,1.0,0,1599.9539995193481,6096000,4596000,1920p,5.9,8.9
2024-09-18 03:10:49,1.0,1,1604.6809995174408,6096000,4596000,1920p,5.9,8.9
2024-09-18 03:10:53,1.0,1,1607.3109993934631,6096000,4596000,1920p,5.9,9
2024-09-18 03:10:54,1.0,0,1607.3109993934631,6096000,4596000,1920p,5.9,9.3
2024-09-18 03:10:55,1.0,0,1607.3109993934631,6096000,4596000,1920p,5.9,9.8
2024-09-18 03:10:56,1.0,0,1607.3109993934631,6096000,4596000,1920p,5.9,9.5
2024-09-18 03:11:01,1.0,1,1612.255999326706,6096000,4596000,1920p,5.9,9.2
2024-09-18 03:11:08,0.2,1,1619.1189994812012,6096000,4596000,1920p,5.9,7.8
2024-09-18 03:11:11,1.0,1,1620.9379994869232,6096000,4596000,1920p,5.9,8.1
2024-09-18 03:11:17,1.0,1,1625.7189996242523,6096000,4596000,1920p,5.9,8.8
2024-09-18 03:11:20,1.0,1,1627.634999513626,6096000,4596000,1920p,5.9,8.9
2024-09-18 03:11:21,1.0,0,1627.634999513626,6096000,4596000,1920p,5.9,8.9
2024-09-18 03:11:23,1.0,1,1628.3379995822906,6096000,4596000,1920p,5.9,8.8
2024-09-18 03:11:24,0.7,0,1628.3379995822906,6096000,4596000,1920p,5.9,8.9
2024-09-18 03:11:29,1.0,1,1633.2039995193481,6096000,4596000,1920p,5.9,8.9
2024-09-18 03:11:33,1.0,1,1635.4769995212555,6096000,4596000,1920p,5.9,9
2024-09-18 03:11:34,1.0,0,1635.4769995212555,6096000,4596000,1920p,5.9,9
2024-09-18 03:11:39,1.0,1,1640.2479994297028,6096000,4596000,1920p,5.9,8.8
2024-09-18 03:11:41,1.0,1,1641.2039995193481,6096000,4596000,1920p,5.9,9.7
2024-09-18 03:11:42,1.0,0,1641.2039995193481,6096000,4596000,1920p,5.9,9.6
2024-09-18 03:11:43,1.0,0,1641.2039995193481,6096000,4596000,1920p,5.9,9.9
2024-09-18 03:11:44,0.9,0,1641.2039995193481,6096000,4596000,1920p,5.9,9.9
2024-09-18 03:11:46,1.0,1,1641.9469995498657,6096000,4596000,1920p,5.9,9.8
2024-09-18 03:11:47,0.7,0,1641.9469995498657,6096000,4596000,1920p,5.9,9.8
2024-09-18 03:11:49,1.0,1,1642.6639993190765,6096000,4596000,1920p,5.9,9.6
2024-09-18 03:11:50,0.5,0,1642.6639993190765,6096000,4596000,1920p,5.9,9.2
2024-09-18 03:11:56,1.0,1,1647.7139992713928,6096000,4596000,1920p,5.9,9.5
2024-09-18 03:12:01,1.0,1,1652.8599994182587,6096000,4596000,1920p,5.9,1
2024-09-18 03:12:05,1.0,1,1655.0739994049072,6096000,4596000,1920p,5.9,1
2024-09-18 03:12:06,1.0,0,1655.0739994049072,6096000,4596000,1920p,5.9,1
2024-09-18 03:12:07,0.5,0,1655.0739994049072,6096000,4596000,1920p,5.9,9.8
2024-09-18 03:12:09,1.0,1,1655.723999261856,6096000,4596000,1920p,5.9,1
2024-09-18 03:12:10,1.0,1,1656.6019990444183,6096000,4596000,1920p,5.9,9.6
2024-09-18 03:12:11,1.0,0,1656.6019990444183,6096000,4596000,1920p,5.9,9.6
2024-09-18 03:12:13,1.0,1,1656.9189989566803,6096000,4596000,1920p,5.9,9.7
2024-09-18 03:12:14,1.0,0,1656.9189989566803,6096000,4596000,1920p,5.9,9.7
2024-09-18 03:12:19,1.0,1,1661.131999015808,6096000,4596000,1920p,5.9,8.6
2024-09-18 03:12:22,1.0,1,1663.3229990005493,6096000,4596000,1920p,5.9,8.9
2024-09-18 03:12:23,1.0,0,1663.3229990005493,6096000,4596000,1920p,5.9,8.9
2024-09-18 03:12:29,1.0,1,1667.8809990882874,6096000,4596000,1920p,5.9,9.5
2024-09-18 03:12:32,1.0,1,1670.022999048233,6096000,4596000,1920p,5.9,9.4
2024-09-18 03:12:33,1.0,0,1670.022999048233,6096000,4596000,1920p,5.9,9.3
2024-09-18 03:12:34,1.0,1,1670.1329989433289,6096000,4596000,1920p,5.9,9.8
2024-09-18 03:12:35,0.8,0,1670.1329989433289,6096000,4596000,1920p,5.9,1
2024-09-18 03:12:37,1.0,0,1670.1329989433289,6096000,4596000,1920p,5.9,1
2024-09-18 03:12:38,0.7,0,1670.1329989433289,6096000,4596000,1920p,5.9,1
2024-09-18 03:12:42,1.0,1,1674.413999080658,6096000,4596000,1920p,5.9,1
2024-09-18 03:12:46,1.0,1,1676.3319990634918,6096000,4596000,1920p,5.9,1
2024-09-18 03:12:47,0.9,0,1676.3319990634918,6096000,4596000,1920p,5.9,1
2024-09-18 03:12:49,1.0,1,1677.2759990692139,6096000,4596000,1920p,5.9,1
2024-09-18 03:12:50,0.7,0,1677.2759990692139,6096000,4596000,1920p,5.9,1
2024-09-18 03:12:55,1.0,1,1682.5089991092682,6096000,4596000,1920p,5.9,9.5
2024-09-18 03:13:03,1.0,1,1689.7309992313385,6096000,4596000,1920p,5.9,9.3
2024-09-18 03:13:06,1.0,1,1691.904999256134,6096000,4596000,1920p,5.9,9.4
2024-09-18 03:13:07,1.0,0,1691.904999256134,6096000,4596000,1920p,5.9,9.4
2024-09-18 03:13:08,0.6,0,1691.904999256134,6096000,4596000,1920p,5.9,8.4
2024-09-18 03:13:14,1.0,1,1697.2029991149902,6096000,4596000,1920p,5.9,9.2
2024-09-18 03:13:20,0.0,1,1703.4869992733002,6096000,4596000,1920p,5.9,9.8
2024-09-18 03:13:23,0.8,1,1704.8729994297028,6096000,4596000,1920p,5.9,9.6
2024-09-18 03:13:25,1.0,1,1705.7439994812012,6096000,4596000,1920p,5.9,9.5
2024-09-18 03:13:26,0.7,0,1705.7439994812012,6096000,4596000,1920p,5.9,1
2024-09-18 03:13:27,1.0,0,1705.7439994812012,6096000,4596000,1920p,5.9,1
2024-09-18 03:13:28,1.0,0,1705.7439994812012,6096000,4596000,1920p,5.9,1.1
2024-09-18 03:13:29,1.0,0,1705.7439994812012,6096000,4596000,1920p,5.9,1.1
2024-09-18 03:13:30,0.5,0,1705.7439994812012,6096000,4596000,1920p,5.9,1
2024-09-18 03:13:35,1.0,1,1710.5309994220734,6096000,4596000,1920p,5.9,1
2024-09-18 03:13:38,1.0,1,1712.4539995193481,6096000,4596000,1920p,5.9,1
2024-09-18 03:13:39,0.9,0,1712.4539995193481,6096000,4596000,1920p,5.9,1
2024-09-18 03:13:44,1.0,1,1716.9419994354248,6096000,4596000,1920p,5.9,1
2024-09-18 03:13:48,1.0,1,1719.0549993515015,6096000,4596000,1920p,5.9,1
2024-09-18 03:13:49,1.0,0,1719.0549993515015,6096000,4596000,1920p,5.9,1
2024-09-18 03:13:50,0.3,0,1719.1209995746613,6096000,4596000,1920p,5.9,9.3
2024-09-18 03:13:51,1.0,1,1719.3619995117188,6096000,4596000,1920p,5.9,9.8
2024-09-18 03:13:52,1.0,0,1719.3619995117188,6096000,4596000,1920p,5.9,1
2024-09-18 03:13:53,1.0,0,1719.3619995117188,6096000,4596000,1920p,5.9,1
2024-09-18 03:13:55,1.0,1,1719.80499958992,6096000,4596000,1920p,5.9,1
2024-09-18 03:13:56,0.9,0,1719.80499958992,6096000,4596000,1920p,5.9,1
2024-09-18 03:14:01,1.0,1,1724.525999546051,6096000,4596000,1920p,5.9,9.7
2024-09-18 03:14:05,1.0,1,1726.719999551773,6096000,4596000,1920p,5.9,7.1
2024-09-18 03:14:06,1.0,0,1726.719999551773,6096000,4596000,1920p,5.9,7.1
2024-09-18 03:14:10,1.0,1,1730.2819995880127,6096000,4596000,1920p,5.9,9.2
2024-09-18 03:14:13,1.0,1,1732.450999736786,6096000,4596000,1920p,5.9,9.3
2024-09-18 03:14:14,1.0,0,1732.450999736786,6096000,4596000,1920p,5.9,9.3
2024-09-18 03:14:16,1.0,1,1733.3069999217987,6096000,4596000,1920p,5.9,9.4
2024-09-18 03:14:17,0.9,0,1733.3069999217987,6096000,4596000,1920p,5.9,9.4
2024-09-18 03:14:19,1.0,1,1733.6510000228882,6096000,4596000,1920p,5.9,9.3
2024-09-18 03:14:20,1.0,0,1733.6510000228882,6096000,4596000,1920p,5.9,1
2024-09-18 03:14:21,1.0,0,1733.6510000228882,6096000,4596000,1920p,5.9,1
2024-09-18 03:14:22,0.5,0,1733.6820001602173,6096000,4596000,1920p,5.9,1
2024-09-18 03:14:26,1.0,1,1737.5800001621246,6096000,4596000,1920p,5.9,1
2024-09-18 03:14:29,1.0,1,1739.770000219345,6096000,4596000,1920p,5.9,1
2024-09-18 03:14:30,1.0,0,1739.770000219345,2096000,6096000,960p,2,3.1
2024-09-18 03:14:32,1.0,1,1740.4140000343323,2096000,6096000,960p,2,1
2024-09-18 03:14:33,0.8,0,1740.4140000343323,2096000,6096000,960p,2,1
2024-09-18 03:14:35,1.0,1,1740.9070000648499,2096000,6096000,960p,2,4.8
2024-09-18 03:14:36,1.0,0,1740.9070000648499,2096000,6096000,960p,2,5.3
2024-09-18 03:14:37,1.0,0,1740.9070000648499,2096000,6096000,960p,2,5.3
2024-09-18 03:14:38,0.5,0,1740.9070000648499,4596000,2096000,1920p,4.4,5
2024-09-18 03:14:39,1.0,0,1740.9070000648499,4596000,2096000,1920p,4.4,5.2
2024-09-18 03:14:43,1.0,1,1743.3520002365112,4596000,2096000,1920p,4.4,8.5
2024-09-18 03:14:46,1.0,1,1745.9770002365112,4596000,2096000,1920p,4.4,8.4
2024-09-18 03:14:47,1.0,0,1745.9770002365112,4596000,2096000,1920p,4.4,8.4
2024-09-18 03:14:49,0.3,0,1746.0430002212524,6096000,4596000,1920p,5.9,7.8
2024-09-18 03:14:50,1.0,1,1746.3720002174377,6096000,4596000,1920p,5.9,8.6
2024-09-18 03:14:52,1.0,1,1747.331000328064,6096000,4596000,1920p,5.9,8.7
2024-09-18 03:14:53,0.8,0,1747.331000328064,6096000,4596000,1920p,5.9,8.6
2024-09-18 03:14:54,1.0,0,1747.331000328064,6096000,4596000,1920p,5.9,6.8
2024-09-18 03:14:55,0.7,0,1747.331000328064,6096000,4596000,1920p,5.9,6.8
2024-09-18 03:14:57,1.0,1,1748.047000169754,6096000,4596000,1920p,5.9,7.7
2024-09-18 03:14:58,1.0,0,1748.047000169754,6096000,4596000,1920p,5.9,8.7
2024-09-18 03:14:59,1.0,0,1748.047000169754,6096000,4596000,1920p,5.9,8.7
2024-09-18 03:15:00,0.4,0,1748.047000169754,6096000,4596000,1920p,5.9,8.4
2024-09-18 03:15:05,1.0,1,1752.9730002880096,6096000,4596000,1920p,5.9,9
2024-09-18 03:15:09,1.0,1,1755.3300001621246,6096000,4596000,1920p,5.9,9
2024-09-18 03:15:10,1.0,0,1755.3300001621246,6096000,4596000,1920p,5.9,9
2024-09-18 03:15:15,1.0,1,1760.1849999427795,6096000,4596000,1920p,5.9,9
2024-09-18 03:15:18,1.0,1,1761.9349999427795,6096000,4596000,1920p,5.9,9
2024-09-18 03:15:19,1.0,0,1761.9349999427795,6096000,4596000,1920p,5.9,9.4
2024-09-18 03:15:20,1.0,0,1761.9349999427795,6096000,4596000,1920p,5.9,9.5
2024-09-18 03:15:22,1.0,0,1761.9349999427795,6096000,4596000,1920p,5.9,9.5
2024-09-18 03:15:29,1.0,1,1768.2249999046326,6096000,4596000,1920p,5.9,5.1
2024-09-18 03:15:34,1.0,1,1773.1480000019073,6096000,3096000,1920p,5.9,5.9
2024-09-18 03:15:37,1.0,1,1775.3929998874664,6096000,3096000,1920p,5.9,7.8
2024-09-18 03:15:38,1.0,0,1775.3929998874664,6096000,3096000,1920p,5.9,7.8
2024-09-18 03:15:39,0.6,0,1775.3929998874664,6096000,3096000,1920p,5.9,7.2
2024-09-18 03:15:41,1.0,1,1776.0969998836517,6096000,3096000,1920p,5.9,8.5
2024-09-18 03:15:43,1.0,1,1776.769999742508,6096000,3096000,1920p,5.9,8.6
2024-09-18 03:15:44,1.0,0,1776.769999742508,6096000,3096000,1920p,5.9,8
2024-09-18 03:15:50,1.0,1,1781.5209999084473,4596000,6096000,1920p,4.4,7
2024-09-18 03:15:53,1.0,1,1783.6139998435974,4596000,6096000,1920p,4.4,7
2024-09-18 03:15:54,1.0,0,1783.6139998435974,4596000,6096000,1920p,4.4,7
2024-09-18 03:15:59,1.0,1,1787.9719998836517,4596000,6096000,1920p,4.4,6.2
2024-09-18 03:16:01,1.0,1,1788.6879999637604,4596000,6096000,1920p,4.4,7
2024-09-18 03:16:02,1.0,0,1788.6879999637604,4596000,6096000,1920p,4.4,7
2024-09-18 03:16:03,1.0,1,1789.0679998397827,4596000,6096000,1920p,4.4,7.1
2024-09-18 03:16:05,0.7,0,1789.0679998397827,4596000,6096000,1920p,4.4,6.7
2024-09-18 03:16:06,1.0,1,1789.8449997901917,6096000,4596000,1920p,5.9,6.9
2024-09-18 03:16:07,0.6,0,1789.8449997901917,6096000,4596000,1920p,5.9,6.7
2024-09-18 03:16:09,1.0,1,1790.3429996967316,6096000,4596000,1920p,5.9,7.4
2024-09-18 03:16:10,0.4,0,1790.3429996967316,6096000,4596000,1920p,5.9,6.9
2024-09-18 03:16:12,1.0,1,1790.9789996147156,6096000,4596000,1920p,5.9,7.4
2024-09-18 03:16:17,1.0,1,1795.7209997177124,6096000,4596000,1920p,5.9,6.5
2024-09-18 03:16:25,0.0,1,1803.3009996414185,4596000,6096000,1920p,4.4,6.4
2024-09-18 03:16:28,0.8,1,1804.633999824524,4596000,6096000,1920p,4.4,6.7
2024-09-18 03:16:34,1.0,1,1810.021999835968,6096000,4596000,1920p,5.9,7
2024-09-18 03:16:37,1.0,1,1812.3069999217987,6096000,4596000,1920p,5.9,7.4
2024-09-18 03:16:38,0.9,0,1812.3069999217987,6096000,4596000,1920p,5.9,7.1
2024-09-18 03:16:44,1.0,1,1817.0889999866486,6096000,4596000,1920p,5.9,8.1
2024-09-18 03:16:49,0.1,1,1822.670000076294,6096000,4596000,1920p,5.9,8.8
2024-09-18 03:16:52,1.0,1,1824.1210000514984,6096000,4596000,1920p,5.9,8.8
2024-09-18 03:16:54,1.0,1,1825.2730000019073,6096000,4596000,1920p,5.9,9
2024-09-18 03:16:55,0.6,0,1825.2730000019073,6096000,4596000,1920p,5.9,8.7
2024-09-18 03:17:01,1.0,1,1830.8280000686646,6096000,4596000,1920p,5.9,8.1
2024-09-18 03:17:05,1.0,1,1833.0209999084473,6096000,4596000,1920p,5.9,7.4
2024-09-18 03:17:06,1.0,0,1833.0209999084473,6096000,4596000,1920p,5.9,7.4
2024-09-18 03:17:13,1.0,1,1839.289999961853,6096000,4596000,1920p,5.9,6.3
2024-09-18 03:17:20,0.1,1,1846.2880001068115,3096000,6096000,1280p,3,4.7
2024-09-18 03:17:22,0.8,1,1847.1240000724792,3096000,6096000,1280p,3,5.6
2024-09-18 03:17:26,1.0,1,1850.9800000190735,3096000,6096000,1280p,3,5.9
2024-09-18 03:17:29,1.0,1,1852.3540000915527,3096000,6096000,1280p,3,5.4
2024-09-18 03:17:30,1.0,0,1852.3540000915527,3096000,6096000,1280p,3,5.4
2024-09-18 03:17:31,1.0,1,1852.91100025177,3096000,6096000,1280p,3,3.7
2024-09-18 03:17:32,1.0,0,1852.91100025177,3096000,6096000,1280p,3,3.8
2024-09-18 03:17:34,1.0,1,1853.799000263214,3096000,6096000,1280p,3,4.2
2024-09-18 03:17:36,0.7,0,1853.799000263214,3096000,6096000,1280p,3,3.2
2024-09-18 03:17:37,1.0,1,1854.0890002250671,3096000,6096000,1280p,3,3.7
2024-09-18 03:17:38,1.0,0,1854.0890002250671,3096000,6096000,1280p,3,3.9
2024-09-18 03:17:39,1.0,0,1854.0890002250671,3096000,6096000,1280p,3,3.9
2024-09-18 03:17:40,0.5,0,1854.0890002250671,3096000,6096000,1280p,3,3.8
2024-09-18 03:17:41,1.0,1,1854.3490002155304,3096000,6096000,1280p,3,4.2
2024-09-18 03:17:42,1.0,0,1854.3490002155304,3096000,6096000,1280p,3,4.7
2024-09-18 03:17:43,1.0,0,1854.3490002155304,3096000,6096000,1280p,3,4.7
2024-09-18 03:17:45,1.0,0,1854.3490002155304,3096000,6096000,1280p,3,4.4
2024-09-18 03:17:46,1.0,0,1854.3490002155304,3096000,6096000,1280p,3,4.4
2024-09-18 03:17:47,1.0,1,1854.5950000286102,3096000,6096000,1280p,3,4.1
2024-09-18 03:17:48,1.0,0,1854.5950000286102,3096000,6096000,1280p,3,4
2024-09-18 03:17:49,1.0,0,1854.6110000610352,3096000,6096000,1280p,3,4.4
2024-09-18 03:17:50,0.9,0,1854.6110000610352,3096000,6096000,1280p,3,4.4
2024-09-18 03:17:51,1.0,0,1854.6110000610352,3096000,6096000,1280p,3,4.7
2024-09-18 03:17:52,0.8,0,1854.6110000610352,3096000,6096000,1280p,3,4.7
2024-09-18 03:17:57,1.0,1,1858.8060002326965,3096000,6096000,1280p,3,4.5
2024-09-18 03:18:00,1.0,1,1860.8430001735687,3096000,6096000,1280p,3,4.7
2024-09-18 03:18:01,0.9,0,1860.8430001735687,3096000,6096000,1280p,3,4.7
2024-09-18 03:18:03,1.0,1,1861.603000164032,3096000,6096000,1280p,3,4.2
2024-09-18 03:18:04,0.7,0,1861.603000164032,3096000,6096000,1280p,3,2.2
2024-09-18 03:18:09,1.0,1,1866.2430000305176,2096000,3096000,960p,2,3.9
2024-09-18 03:18:11,1.0,1,1866.8020000457764,2096000,3096000,960p,2,4.1
2024-09-18 03:18:12,1.0,0,1866.8020000457764,2096000,3096000,960p,2,4.1
2024-09-18 03:18:14,1.0,1,1867.3440001010895,2096000,3096000,960p,2,3.4
2024-09-18 03:18:15,0.9,0,1867.3440001010895,2096000,3096000,960p,2,4
2024-09-18 03:18:16,1.0,0,1867.3440001010895,2096000,3096000,960p,2,4
2024-09-18 03:18:17,0.7,0,1867.3440001010895,2096000,3096000,960p,2,4
2024-09-18 03:18:19,1.0,1,1867.6840002536774,2096000,3096000,960p,2,4.1
2024-09-18 03:18:20,0.4,0,1867.6840002536774,2096000,3096000,960p,2,3.4
2024-09-18 03:18:21,1.0,1,1868.0370001792908,2096000,3096000,960p,2,3.5
2024-09-18 03:18:23,1.0,1,1868.637000322342,3096000,2096000,1280p,3,3
2024-09-18 03:18:24,1.0,0,1868.637000322342,3096000,2096000,1280p,3,3
2024-09-18 03:18:29,1.0,1,1873.1830003261566,3096000,2096000,1280p,3,4.1
2024-09-18 03:18:32,1.0,1,1875.174000263214,3096000,2096000,1280p,3,4.4
2024-09-18 03:18:33,1.0,0,1875.174000263214,3096000,2096000,1280p,3,4.4
2024-09-18 03:18:35,1.0,1,1875.6440002918243,3096000,2096000,1280p,3,4.5
2024-09-18 03:18:36,1.0,0,1875.6440002918243,3096000,2096000,1280p,3,4.5
2024-09-18 03:18:37,1.0,0,1875.6440002918243,3096000,2096000,1280p,3,4.7
2024-09-18 03:18:38,1.0,0,1875.6440002918243,3096000,2096000,1280p,3,4.7
2024-09-18 03:18:39,1.0,1,1875.9250001907349,4596000,3096000,1920p,4.4,4.9
2024-09-18 03:18:40,0.9,0,1875.9250001907349,4596000,3096000,1920p,4.4,4.9
2024-09-18 03:18:45,1.0,1,1880.326000213623,4596000,3096000,1920p,4.4,5.5
2024-09-18 03:18:48,1.0,1,1882.3990001678467,4596000,3096000,1920p,4.4,5.9
2024-09-18 03:18:50,1.0,0,1882.3990001678467,4596000,3096000,1920p,4.4,6
2024-09-18 03:18:51,1.0,0,1882.3990001678467,4596000,3096000,1920p,4.4,5.7
2024-09-18 03:18:52,1.0,0,1882.3990001678467,4596000,3096000,1920p,4.4,5.7
2024-09-18 03:18:57,1.0,1,1887.558000087738,4596000,3096000,1920p,4.4,6.2
2024-09-18 03:19:00,1.0,1,1888.8650002479553,6096000,4596000,1920p,5.9,1.4
2024-09-18 03:19:01,1.0,0,1888.8650002479553,6096000,4596000,1920p,5.9,1.4
2024-09-18 03:19:02,1.0,0,1888.8650002479553,6096000,4596000,1920p,5.9,1.7
2024-09-18 03:19:03,1.0,0,1888.8650002479553,6096000,4596000,1920p,5.9,1.7
2024-09-18 03:19:05,1.0,1,1890.0320003032684,6096000,4596000,1920p,5.9,1.2
2024-09-18 03:19:06,0.9,0,1890.0320003032684,6096000,4596000,1920p,5.9,1.2
2024-09-18 03:19:10,1.0,1,1893.2950003147125,6096000,4596000,1920p,5.9,1.1
2024-09-18 03:19:13,1.0,1,1895.347000360489,6096000,4596000,1920p,5.9,1
2024-09-18 03:19:14,1.0,0,1895.347000360489,6096000,4596000,1920p,5.9,1
2024-09-18 03:19:16,1.0,1,1896.0470004081726,6096000,4596000,1920p,5.9,1
2024-09-18 03:19:17,1.0,0,1896.0470004081726,6096000,4596000,1920p,5.9,1
2024-09-18 03:19:19,1.0,1,1896.8270003795624,6096000,4596000,1920p,5.9,1
2024-09-18 03:19:20,0.9,0,1896.8270003795624,6096000,4596000,1920p,5.9,1
2024-09-18 03:19:26,1.0,1,1901.6610004901886,6096000,4596000,1920p,5.9,7.7
2024-09-18 03:19:29,1.0,1,1903.7160003185272,6096000,4596000,1920p,5.9,8.5
2024-09-18 03:19:30,1.0,0,1903.7160003185272,6096000,4596000,1920p,5.9,8.5
2024-09-18 03:19:35,1.0,1,1908.2830004692078,6096000,4596000,1920p,5.9,8.8
2024-09-18 03:19:38,1.0,1,1910.3680002689362,6096000,4596000,1920p,5.9,9
2024-09-18 03:19:39,1.0,0,1910.3680002689362,6096000,4596000,1920p,5.9,9
2024-09-18 03:19:41,1.0,1,1911.2270002365112,6096000,4596000,1920p,5.9,9
2024-09-18 03:19:42,1.0,0,1911.2270002365112,6096000,4596000,1920p,5.9,9
2024-09-18 03:19:48,1.0,1,1916.2100002765656,6096000,4596000,1920p,5.9,7.4
2024-09-18 03:19:53,0.2,1,1921.5100004673004,6096000,4596000,1920p,5.9,7.9
2024-09-18 03:19:57,1.0,1,1923.690000295639,6096000,4596000,1920p,5.9,8
2024-09-18 03:19:59,1.0,1,1924.599000453949,6096000,4596000,1920p,5.9,8.1
2024-09-18 03:20:00,1.0,0,1924.599000453949,6096000,4596000,1920p,5.9,8.3
2024-09-18 03:20:01,1.0,0,1924.599000453949,1196000,6096000,768p,1.1,2.1
2024-09-18 03:20:02,0.6,0,1924.599000453949,1196000,6096000,768p,1.1,9.1
2024-09-18 03:20:03,1.0,1,1924.7490005493164,1196000,6096000,768p,1.1,1
2024-09-18 03:20:08,1.0,1,1928.8550004959106,1196000,6096000,768p,1.1,6.1
2024-09-18 03:20:11,1.0,1,1930.6340005397797,4596000,1196000,1920p,4.4,5.4
2024-09-18 03:20:12,1.0,0,1930.6340005397797,4596000,1196000,1920p,4.4,5.4
2024-09-18 03:20:15,1.0,1,1931.622000694275,4596000,1196000,1920p,4.4,6.2
2024-09-18 03:20:16,1.0,0,1931.622000694275,4596000,1196000,1920p,4.4,6.2
2024-09-18 03:20:17,1.0,0,1931.622000694275,4596000,1196000,1920p,4.4,6.8
2024-09-18 03:20:18,0.9,0,1931.622000694275,4596000,1196000,1920p,4.4,6.8
2024-09-18 03:20:20,1.0,1,1932.4180006980896,6096000,4596000,1920p,5.9,6.9
2024-09-18 03:20:21,0.8,0,1932.4180006980896,6096000,4596000,1920p,5.9,6.7
2024-09-18 03:20:25,1.0,1,1936.4320006370544,6096000,4596000,1920p,5.9,7.6
2024-09-18 03:20:28,1.0,1,1938.298000574112,6096000,4596000,1920p,5.9,7.9
2024-09-18 03:20:29,0.8,0,1938.298000574112,6096000,4596000,1920p,5.9,7.9
2024-09-18 03:20:32,1.0,1,1939.3780007362366,6096000,4596000,1920p,5.9,7.8
2024-09-18 03:20:33,0.7,0,1939.3780007362366,6096000,4596000,1920p,5.9,7.6
2024-09-18 03:20:38,1.0,1,1944.2640006542206,6096000,4596000,1920p,5.9,8.2
2024-09-18 03:20:41,1.0,1,1946.4240007400513,6096000,4596000,1920p,5.9,8.3
2024-09-18 03:20:42,1.0,0,1946.4240007400513,6096000,4596000,1920p,5.9,8.3
2024-09-18 03:20:48,1.0,1,1951.3540008068085,6096000,4596000,1920p,5.9,8
2024-09-18 03:20:54,1.0,1,1956.965000629425,6096000,4596000,1920p,5.9,8.6
2024-09-18 03:20:58,1.0,1,1959.4370007514954,6096000,4596000,1920p,5.9,8.5
2024-09-18 03:20:59,1.0,0,1959.4370007514954,6096000,4596000,1920p,5.9,8.5
2024-09-18 03:21:00,0.6,0,1959.4370007514954,6096000,4596000,1920p,5.9,8.3
2024-09-18 03:21:02,1.0,1,1960.2740008831024,6096000,4596000,1920p,5.9,8.4
2024-09-18 03:21:03,0.6,0,1960.2740008831024,6096000,4596000,1920p,5.9,7.9
2024-09-18 03:21:08,1.0,1,1965.3770010471344,4596000,6096000,1920p,4.4,7
2024-09-18 03:21:15,0.1,1,1972.8210010528564,6096000,4596000,1920p,5.9,7.3
2024-09-18 03:21:17,0.9,1,1973.4560010433197,6096000,4596000,1920p,5.9,7.8
2024-09-18 03:21:19,1.0,1,1974.173001050949,6096000,4596000,1920p,5.9,8
2024-09-18 03:21:20,0.7,0,1974.173001050949,6096000,4596000,1920p,5.9,7.7
2024-09-18 03:21:22,1.0,1,1974.756000995636,6096000,4596000,1920p,5.9,8.1
2024-09-18 03:21:23,1.0,0,1974.756000995636,6096000,4596000,1920p,5.9,8
2024-09-18 03:21:24,1.0,0,1974.756000995636,6096000,4596000,1920p,5.9,8
2024-09-18 03:21:25,0.5,0,1974.756000995636,6096000,4596000,1920p,5.9,7.3
2024-09-18 03:21:29,1.0,1,1979.0260009765625,6096000,4596000,1920p,5.9,7.2
2024-09-18 03:21:33,1.0,1,1981.2340009212494,6096000,4596000,1920p,5.9,7.5
2024-09-18 03:21:34,1.0,0,1981.2340009212494,6096000,4596000,1920p,5.9,7.5
2024-09-18 03:21:39,1.0,1,1985.939001083374,4596000,6096000,1920p,4.4,6.6
2024-09-18 03:21:43,1.0,1,1988.1790010929108,4596000,6096000,1920p,4.4,6.8
2024-09-18 03:21:44,1.0,0,1988.1790010929108,6096000,4596000,1920p,5.9,7.3
2024-09-18 03:21:45,1.0,1,1988.3480010032654,6096000,4596000,1920p,5.9,7.3
2024-09-18 03:21:46,1.0,0,1988.3480010032654,6096000,4596000,1920p,5.9,7.3
2024-09-18 03:21:50,1.0,1,1991.4540009498596,6096000,4596000,1920p,5.9,8.2
2024-09-18 03:21:54,1.0,1,1994.1610009670258,6096000,4596000,1920p,5.9,8.3
2024-09-18 03:21:55,0.8,0,1994.1610009670258,6096000,4596000,1920p,5.9,8.1
2024-09-18 03:21:56,1.0,0,1994.1610009670258,6096000,4596000,1920p,5.9,8.6
2024-09-18 03:21:57,0.7,0,1994.1610009670258,6096000,4596000,1920p,5.9,8.5
2024-09-18 03:21:59,1.0,1,1995.0130009651184,6096000,4596000,1920p,5.9,8.7
2024-09-18 03:22:00,0.6,0,1995.0130009651184,6096000,4596000,1920p,5.9,8.5
2024-09-18 03:22:05,1.0,1,1999.2880012989044,6096000,4596000,1920p,5.9,9.5
2024-09-18 03:22:07,1.0,1,2000.5720012187958,6096000,4596000,1920p,5.9,1
2024-09-18 03:22:08,1.0,0,2000.5720012187958,6096000,4596000,1920p,5.9,1
2024-09-18 03:22:10,1.0,1,2001.026001214981,6096000,4596000,1920p,5.9,1
2024-09-18 03:22:11,1.0,0,2001.026001214981,6096000,4596000,1920p,5.9,1
2024-09-18 03:22:13,1.0,1,2001.529001235962,6096000,4596000,1920p,5.9,9.4
2024-09-18 03:22:14,0.8,0,2001.529001235962,6096000,4596000,1920p,5.9,9.3
2024-09-18 03:22:15,1.0,1,2002.047001361847,6096000,4596000,1920p,5.9,8.7
2024-09-18 03:22:16,0.7,0,2002.047001361847,6096000,4596000,1920p,5.9,8.6
2024-09-18 03:22:18,1.0,1,2002.7420012950897,6096000,4596000,1920p,5.9,8.8
2024-09-18 03:22:19,0.4,0,2002.7420012950897,6096000,4596000,1920p,5.9,7.9
2024-09-18 03:22:23,1.0,1,2006.5040011405945,6096000,4596000,1920p,5.9,8.1
2024-09-18 03:22:26,1.0,1,2008.4420013427734,6096000,4596000,1920p,5.9,8
2024-09-18 03:22:27,0.8,0,2008.4420013427734,6096000,4596000,1920p,5.9,7.9
2024-09-18 03:22:29,1.0,1,2008.9130012989044,6096000,4596000,1920p,5.9,8
2024-09-18 03:22:30,0.6,0,2008.9130012989044,6096000,4596000,1920p,5.9,7.5
2024-09-18 03:22:32,1.0,1,2009.6920011043549,6096000,4596000,1920p,5.9,8.1
2024-09-18 03:22:33,0.5,0,2009.6920011043549,6096000,4596000,1920p,5.9,8.4
2024-09-18 03:22:34,1.0,0,2009.6920011043549,6096000,4596000,1920p,5.9,8.4
2024-09-18 03:22:35,0.4,0,2009.7220010757446,6096000,4596000,1920p,5.9,8.4
2024-09-18 03:22:40,1.0,1,2014.3640010356903,6096000,4596000,1920p,5.9,8.2